"","A","D","H","results","B365H","B365D","B365A"
"11000",0.005,0,0.995,"D",1.66,3.4,5.5
"21000",0.005,0.00833333333333333,0.986666666666667,"H",1.53,3.6,6.5
"31000",0.0366666666666667,0.426666666666667,0.536666666666667,"H",1.9,3.25,4
"4544",0.245,0.313333333333333,0.441666666666667,"A",2.1,3.25,3
"5100",0.776666666666667,0.111666666666667,0.111666666666667,"H",3.6,3.3,2
"6100",0.00166666666666667,0.0383333333333333,0.96,"H",1.5,3.75,7
"7100",0.005,0.0833333333333333,0.911666666666667,"D",1.57,3.6,6
"8100",0.135,0.241666666666667,0.623333333333333,"H",2.15,3.2,3.4
"9100",0.171666666666667,0.0883333333333333,0.74,"H",1.53,3.6,6.5
"10100",0.901666666666667,0.0166666666666667,0.0816666666666667,"H",4.33,3.4,1.83
"11100",0.025,0,0.975,"H",1.75,3.3,5
"12100",0.385,0.208333333333333,0.406666666666667,"D",1.72,3.4,5
"13100",0.00166666666666667,0.00666666666666667,0.991666666666667,"H",1.16,6.5,15
"14100",0.00166666666666667,0.00833333333333333,0.99,"H",1.25,5,13
"15100",0.191666666666667,0.00333333333333333,0.805,"A",2.4,3.2,2.87
"16100",0.106666666666667,0.243333333333333,0.65,"A",2.3,3.25,3
"17100",0.25,0.0116666666666667,0.738333333333333,"D",2,3.25,3.4
"18100",0.628333333333333,0.03,0.341666666666667,"A",2.37,3.2,2.62
"19100",0.311666666666667,0.0233333333333333,0.665,"H",1.57,4,5.25
"20100",0.833333333333333,0.0183333333333333,0.148333333333333,"H",3.2,3.25,2.2
"21100",0,0,1,"H",1.66,3.6,5
"22100",0.191666666666667,0.261666666666667,0.546666666666667,"H",1.33,5.25,8.5
"23100",0.0133333333333333,0.055,0.931666666666667,"H",1.12,9,17
"24100",0.025,0,0.975,"D",1.72,3.25,4.33
"25100",0.0983333333333333,0.33,0.571666666666667,"H",1.62,3.6,6
"26100",0.00333333333333333,0.596666666666667,0.4,"H",1.73,3.5,5
"27100",0.00166666666666667,0.838333333333333,0.16,"D",1.33,5,9
"28100",0.156666666666667,0.345,0.498333333333333,"A",2.1,3.25,3.6
"29100",0.633333333333333,0.105,0.261666666666667,"D",2.75,3.3,2.5
"30100",0.005,0.471666666666667,0.523333333333333,"D",2.15,3.25,3.4
"31100",0.03,0.805,0.165,"H",2.38,3.2,3
"32100",0.903333333333333,0.00666666666666667,0.09,"A",3.25,3.3,2.2
"33100",0.608333333333333,0.0316666666666667,0.36,"A",9,4.5,1.36
"34100",0,0,1,"A",1.36,4.5,9
"35100",0.02,0.406666666666667,0.573333333333333,"A",1.91,3.3,4.2
"36100",0.0283333333333333,0.511666666666667,0.46,"H",2,3.3,3.8
"37100",0.005,0.00333333333333333,0.991666666666667,"D",1.72,3.4,5
"38100",0.00166666666666667,0.005,0.993333333333333,"H",1.17,6.5,18
"39100",0.173333333333333,0.55,0.276666666666667,"D",2.1,3.3,3.5
"40100",0.185,0.0333333333333333,0.781666666666667,"A",2.6,3.25,2.75
"41100",0.285,0.00833333333333333,0.706666666666667,"H",2,3.3,3.75
"42100",0.333333333333333,0.571666666666667,0.095,"H",4.2,3.3,1.91
"43100",0.0333333333333333,0.44,0.526666666666667,"H",2.1,3.3,3.5
"44100",0.01,0.36,0.63,"A",1.73,3.5,5
"4545",0.445,0.118333333333333,0.436666666666667,"A",2.88,3.3,2.4
"4610",0.04,0.376666666666667,0.583333333333333,"D",2.2,3.25,3.3
"4710",0.005,0,0.995,"A",1.44,4,8
"4810",0,0,1,"D",1.18,7,15
"4910",0.00333333333333333,0.0133333333333333,0.983333333333333,"H",2,3.3,3.8
"5010",0.145,0.231666666666667,0.623333333333333,"H",2.25,3.2,3.25
"5110",0.19,0.533333333333333,0.276666666666667,"H",3.5,3.3,2.1
"5210",0.675,0.045,0.28,"A",3.4,3.5,2.1
"5310",0,0,1,"D",1.73,3.6,4.75
"5410",0.29,0.0116666666666667,0.698333333333333,"H",1.85,3.4,4.33
"5510",0,0.00833333333333333,0.991666666666667,"D",2.05,3.4,3.6
"5610",0.351666666666667,0.00166666666666667,0.646666666666667,"H",2.1,3.4,3.4
"5710",0.00333333333333333,0.005,0.991666666666667,"H",1.75,3.75,4.5
"5810",0.251666666666667,0.00666666666666667,0.741666666666667,"D",2.3,3.2,2.7
"5910",0.25,0.005,0.745,"A",2.7,3.2,2.7
"6010",0.766666666666667,0.0416666666666667,0.191666666666667,"A",8,4.5,1.4
"6110",0.158333333333333,0.748333333333333,0.0933333333333333,"H",2.38,3.1,3.2
"6210",0.178333333333333,0.00333333333333333,0.818333333333333,"D",3,3.4,2.3
"6310",0.293333333333333,0.005,0.701666666666667,"H",3,3.4,2.3
"6410",0.0166666666666667,0.645,0.338333333333333,"A",2.2,3.3,3.3
"6510",0.398333333333333,0.02,0.581666666666667,"A",2.05,3.4,3.5
"6610",0.005,0.03,0.965,"D",1.5,4,7
"6710",0.64,0.00166666666666667,0.358333333333333,"H",2.4,3.3,2.87
"6810",0.17,0.00333333333333333,0.826666666666667,"H",3.2,3.3,2.25
"6910",0.115,0.386666666666667,0.498333333333333,"A",2.1,3.25,3
"7010",0.0116666666666667,0.408333333333333,0.58,"D",2,3.4,3.75
"7110",0.0216666666666667,0.005,0.973333333333333,"H",1.61,3.6,6
"7210",0.01,0.035,0.955,"H",1.4,4.33,8.5
"7310",0.0266666666666667,0.00166666666666667,0.971666666666667,"H",2.05,3.4,3.6
"7410",0.408333333333333,0.00333333333333333,0.588333333333333,"H",2.1,3.4,3.4
"7510",0.648333333333333,0.00333333333333333,0.348333333333333,"A",2.62,3.2,2.37
"7610",0.00833333333333333,0.00333333333333333,0.988333333333333,"D",1.8,3.4,4.5
"7710",0.936666666666667,0.00333333333333333,0.06,"A",3.1,3.3,2.3
"7810",0.101666666666667,0.0116666666666667,0.886666666666667,"A",2.3,3.3,3.1
"7910",0.025,0.00333333333333333,0.971666666666667,"D",1.72,3.6,4.75
"8010",0.0133333333333333,0.466666666666667,0.52,"A",1.66,3.4,6
"8110",0.993333333333333,0.005,0.00166666666666667,"A",6,4,1.53
"8210",0.0133333333333333,0.015,0.971666666666667,"A",1.66,3.6,5.25
"8310",0.59,0.12,0.29,"H",2.4,3.2,3
"8410",0.335,0.158333333333333,0.506666666666667,"H",2.1,3.25,3.6
"8510",0.0483333333333333,0.00166666666666667,0.95,"A",2,3.4,3.75
"8610",0.0166666666666667,0.246666666666667,0.736666666666667,"A",1.53,3.75,7
"8710",0.325,0.00166666666666667,0.673333333333333,"A",3.6,3.2,2.1
"8810",0.403333333333333,0.0183333333333333,0.578333333333333,"A",2.15,3.4,3.3
"8910",0.995,0.005,0,"A",6,3.8,1.57
"9010",0.268333333333333,0.005,0.726666666666667,"H",2.15,3.25,3.4
"9110",0.2,0.005,0.795,"A",2.9,3.25,2.4
"9210",0.0133333333333333,0.00833333333333333,0.978333333333333,"H",2,3.3,3.75
"9310",0.015,0.451666666666667,0.533333333333333,"A",2.15,3.3,3.3
"9410",0.0116666666666667,0.005,0.983333333333333,"H",1.66,3.6,5.5
"9510",0.398333333333333,0.025,0.576666666666667,"A",2.62,3.3,2.6
"9610",0.206666666666667,0,0.793333333333333,"A",2.25,3.1,3.2
"9710",0.015,0.01,0.975,"H",3,3.2,2.4
"9810",0.015,0.025,0.96,"H",2.1,3.25,3.6
"9910",0.0383333333333333,0.0183333333333333,0.943333333333333,"H",1.57,3.6,6
"10010",0.646666666666667,0.351666666666667,0.00166666666666667,"H",5.25,3.75,1.6
"10110",0.466666666666667,0.0783333333333333,0.455,"H",1.8,3.6,4.5
"10210",0.49,0.00666666666666667,0.503333333333333,"A",2.1,3.4,3.4
"10310",0.0866666666666667,0.00333333333333333,0.91,"A",2.38,3.25,3
"10410",0.113333333333333,0.0133333333333333,0.873333333333333,"D",1.83,3.6,4.2
"10510",0.103333333333333,0.0216666666666667,0.875,"H",1.33,5,8.5
"10610",0.103333333333333,0.721666666666667,0.175,"A",2.5,3.3,2.75
"10710",0,0.005,0.995,"H",1.17,7,15
"10810",0.496666666666667,0.231666666666667,0.271666666666667,"H",2.15,3.25,3.4
"10910",0.08,0.0266666666666667,0.893333333333333,"H",1.72,3.4,5
"11010",0.015,0.00166666666666667,0.983333333333333,"D",1.44,4.33,7
"11110",0.538333333333333,0.0183333333333333,0.443333333333333,"D",7,4.33,1.44
"11210",0.0983333333333333,0.0116666666666667,0.89,"A",3.5,3.3,2.1
"11310",0.00666666666666667,0.365,0.628333333333333,"H",1.91,3.3,4.2
"11410",0.618333333333333,0.0816666666666667,0.3,"H",2.6,3.2,2.75
"11510",0.06,0.623333333333333,0.316666666666667,"H",1.62,3.75,5.5
"11610",0.165,0.385,0.45,"H",2.6,3.25,2.7
"11710",0.988333333333333,0.01,0.00166666666666667,"D",7.5,4.5,1.4
"11810",0.005,0.0116666666666667,0.983333333333333,"H",1.44,4.2,7.5
"11910",0.0183333333333333,0.0583333333333333,0.923333333333333,"H",1.22,5.5,13
"12010",0.00333333333333333,0.596666666666667,0.4,"H",2.5,3.25,2.8
"12110",0.00333333333333333,0.686666666666667,0.31,"H",2.25,3.3,3.2
"12210",0.00666666666666667,0.448333333333333,0.545,"D",1.65,3.7,5.25
"12310",0.02,0.823333333333333,0.156666666666667,"H",2.5,3.3,2.75
"12410",0.81,0.01,0.18,"A",5,3.5,1.73
"12510",0.0233333333333333,0.015,0.961666666666667,"H",2.5,3.25,2.7
"12610",0.00666666666666667,0.0116666666666667,0.981666666666667,"D",1.53,4,6
"12710",0.0183333333333333,0.0233333333333333,0.958333333333333,"A",2.2,3.3,3.25
"12810",0.0633333333333333,0.151666666666667,0.785,"D",2,3.4,3.7
"12910",0.025,0.43,0.545,"A",2,3.4,3.7
"13010",0.475,0.498333333333333,0.0266666666666667,"A",12,5.5,1.25
"13110",0.0366666666666667,0.76,0.203333333333333,"D",2.3,3.3,3.1
"13210",0.00333333333333333,0.251666666666667,0.745,"H",1.75,3.6,4.75
"13310",0.108333333333333,0.128333333333333,0.763333333333333,"A",1.25,5,13
"13410",0.766666666666667,0.00333333333333333,0.23,"D",2.8,3.25,2.5
"13510",0.901666666666667,0.0183333333333333,0.08,"H",2.5,3.3,2.75
"13610",0.03,0.36,0.61,"H",1.8,3.5,4.5
"13710",0.0616666666666667,0.0233333333333333,0.915,"H",1.8,3.5,4.5
"13810",0.146666666666667,0.768333333333333,0.085,"D",2.4,3.3,2.88
"13910",0.651666666666667,0.005,0.343333333333333,"A",6,3.75,1.57
"14010",0.0283333333333333,0.00166666666666667,0.97,"H",1.91,3.6,3.75
"14110",0.98,0.015,0.005,"A",10,5.25,1.29
"14210",0.623333333333333,0.0266666666666667,0.35,"A",4,3.4,1.85
"14310",0.00166666666666667,0.0433333333333333,0.955,"A",1.57,3.75,6
"14410",0.256666666666667,0.005,0.738333333333333,"H",1.8,3.5,4.5
"14510",0.396666666666667,0.333333333333333,0.27,"H",3.5,3.3,2.1
"14610",0.986666666666667,0.01,0.00333333333333333,"A",13,5.5,1.25
"14710",0,0.00166666666666667,0.998333333333333,"H",1.2,6.5,13
"14810",0.0116666666666667,0.123333333333333,0.865,"D",3,3.25,2.38
"14910",0.926666666666667,0.0133333333333333,0.06,"D",11,5.75,1.25
"15010",0.005,0.00333333333333333,0.991666666666667,"H",1.62,3.6,5.75
"15110",0.015,0.0183333333333333,0.966666666666667,"H",1.4,4.5,8
"15210",0.00333333333333333,0.275,0.721666666666667,"D",1.57,3.8,6
"15310",0.00333333333333333,0.303333333333333,0.693333333333333,"D",1.62,3.6,5.5
"15410",0.605,0.00166666666666667,0.393333333333333,"H",2.2,3.3,3.25
"15510",0,0.165,0.835,"H",2.05,3.3,3.6
"15610",0.43,0.00166666666666667,0.568333333333333,"D",2.35,3.3,3
"15710",0.005,0.0533333333333333,0.941666666666667,"H",1.5,4,7
"15810",0.0266666666666667,0.0133333333333333,0.96,"D",2.5,3.2,2.75
"15910",0.0133333333333333,0.546666666666667,0.44,"A",2.1,3.3,3.5
"16010",0.701666666666667,0.015,0.283333333333333,"H",2.25,3.3,3.2
"16110",0.0283333333333333,0.0283333333333333,0.943333333333333,"H",1.17,7,15
"16210",0.171666666666667,0.00833333333333333,0.82,"H",1.72,3.4,5
"16310",0.00333333333333333,0.226666666666667,0.77,"H",1.5,4,7
"16410",0.188333333333333,0.005,0.806666666666667,"A",2.8,3.25,2.5
"16510",0.00166666666666667,0.005,0.993333333333333,"H",1.16,6.5,15
"16610",0.03,0.0133333333333333,0.956666666666667,"H",2.25,3.25,3.2
"16710",0.0116666666666667,0.0266666666666667,0.961666666666667,"A",1.91,3.4,4
"16810",0.581666666666667,0.005,0.413333333333333,"H",4,3.5,1.91
"16910",0.0383333333333333,0.181666666666667,0.78,"H",1.13,8.5,17
"17010",0.933333333333333,0.0633333333333333,0.00333333333333333,"A",10,5.5,1.29
"17110",0.161666666666667,0.346666666666667,0.491666666666667,"D",2.2,3.25,3.2
"17210",0.0233333333333333,0,0.976666666666667,"D",1.73,3.5,5
"17310",0.321666666666667,0.00666666666666667,0.671666666666667,"H",1.4,4.5,8
"17410",0.005,0.0533333333333333,0.941666666666667,"A",1.44,4,7.5
"17510",0.746666666666667,0.01,0.243333333333333,"A",3,3.25,2.38
"17610",0.84,0.0116666666666667,0.148333333333333,"A",2.88,3.3,2.4
"17710",0.04,0.243333333333333,0.716666666666667,"D",1.83,3.5,4.33
"17810",0.203333333333333,0.166666666666667,0.63,"H",1.06,11,29
"17910",0.08,0.135,0.785,"H",1.73,3.6,4.75
"18010",0.168333333333333,0.0266666666666667,0.805,"H",1.75,3.75,4.75
"18110",0.275,0.401666666666667,0.323333333333333,"H",1.8,3.5,4.5
"18210",0.69,0.005,0.305,"H",3.75,3.4,2
"18310",0.11,0.531666666666667,0.358333333333333,"D",1.67,3.75,5
"18410",0.00333333333333333,0.01,0.986666666666667,"H",1.72,3.4,5
"18510",0.005,0.01,0.985,"H",1.25,5,13
"18610",0.0516666666666667,0.0266666666666667,0.921666666666667,"H",1.14,6.5,21
"18710",0.0283333333333333,0.341666666666667,0.63,"D",1.73,3.5,5
"18810",0.005,0.0316666666666667,0.963333333333333,"H",1.73,3.5,5
"18910",0.005,0.608333333333333,0.386666666666667,"D",2.3,3.2,3.2
"19010",0.251666666666667,0.02,0.728333333333333,"A",1.91,3.4,4
"19110",0.005,0.00333333333333333,0.991666666666667,"A",1.57,3.75,6
"19210",0.0133333333333333,0.601666666666667,0.385,"D",2.2,3.25,3.25
"19310",0.065,0.65,0.285,"H",2.1,3.25,3.5
"19410",0.311666666666667,0.0266666666666667,0.661666666666667,"H",2.63,3.3,2.63
"19510",0.0283333333333333,0.138333333333333,0.833333333333333,"D",2.2,3.2,3.25
"19610",0.05,0.63,0.32,"H",1.62,3.8,5.5
"19710",0.13,0.00666666666666667,0.863333333333333,"H",2.2,3.4,3.2
"19810",0.0116666666666667,0.676666666666667,0.311666666666667,"H",1.95,3.5,3.8
"19910",0,0,1,"H",1.91,3.3,4.2
"20010",0.593333333333333,0.00166666666666667,0.405,"H",2.38,3.25,3
"20110",0.0133333333333333,0.508333333333333,0.478333333333333,"D",2.2,3.25,2.8
"20210",0.0166666666666667,0.015,0.968333333333333,"H",1.4,4.5,7.5
"20310",0.02,0.015,0.965,"H",1.62,3.75,5.5
"20410",0.88,0.0466666666666667,0.0733333333333333,"H",2.5,3.3,2.75
"20510",0.0233333333333333,0,0.976666666666667,"A",1.4,4.5,7.5
"20610",0.075,0.306666666666667,0.618333333333333,"H",2.1,3.4,3.4
"20710",0.43,0.553333333333333,0.0166666666666667,"A",12,5.5,1.25
"20810",0.775,0.005,0.22,"A",2.5,3.2,2.8
"20910",0.015,0.03,0.955,"H",1.2,6.5,13
"21010",0.00166666666666667,0.005,0.993333333333333,"A",1.67,3.5,5.5
"21110",0,0,1,"H",1.06,11,29
"21210",0.005,0.0266666666666667,0.968333333333333,"H",1.73,3.6,4.75
"21310",0.421666666666667,0.00166666666666667,0.576666666666667,"D",2.25,3.25,3.2
"21410",0.0966666666666667,0.283333333333333,0.62,"A",1.73,3.5,5
"21510",0.015,0.16,0.825,"H",1.53,3.8,6.5
"21610",0.005,0.251666666666667,0.743333333333333,"H",1.91,3.4,4
"21710",0,0,1,"H",1.08,10,23
"21810",0.00333333333333333,0.005,0.991666666666667,"H",1.44,4.33,7
"21910",0.283333333333333,0.178333333333333,0.538333333333333,"H",2.2,3.2,3.4
"22010",0.131666666666667,0.015,0.853333333333333,"A",2.1,3.3,3.5
"22110",0.0183333333333333,0.00833333333333333,0.973333333333333,"H",1.17,7,15
"22210",0.961666666666667,0.00166666666666667,0.0366666666666667,"H",2.9,3.3,2.38
"22310",0.00333333333333333,0.0133333333333333,0.983333333333333,"H",1.5,4.1,6.5
"22410",0.743333333333333,0.00166666666666667,0.255,"H",2.8,3.25,2.5
"22510",0.821666666666667,0.00666666666666667,0.171666666666667,"H",2.5,3.3,2.75
"22610",0.861666666666667,0.005,0.133333333333333,"H",3,3.4,2.3
"22710",0.0133333333333333,0.0116666666666667,0.975,"H",2.3,3.3,3.1
"22810",0.005,0.00666666666666667,0.988333333333333,"H",1.33,4.5,9.5
"22910",0.481666666666667,0.00166666666666667,0.516666666666667,"H",2.1,3.4,3.4
"23010",0.0233333333333333,0.015,0.961666666666667,"H",2.05,3.3,3.6
"23110",0.138333333333333,0.0266666666666667,0.835,"D",1.91,3.4,4
"23210",0.0116666666666667,0.025,0.963333333333333,"H",2.4,3.2,3
"23310",0.791666666666667,0.0116666666666667,0.196666666666667,"D",2.8,3.25,2.5
"23410",0.0483333333333333,0.366666666666667,0.585,"D",2.7,3.25,2.6
"23510",0.988333333333333,0.00166666666666667,0.01,"A",5.5,4,1.57
"23610",0.00333333333333333,0.005,0.991666666666667,"H",1.5,4,7
"23710",0.65,0.0233333333333333,0.326666666666667,"H",2.38,3.2,3
"23810",0.01,0.0566666666666667,0.933333333333333,"A",2,3.3,3.75
"23910",0.291666666666667,0.005,0.703333333333333,"A",1.8,3.3,4.5
"24010",0.975,0.0183333333333333,0.00666666666666667,"D",7.5,4.5,1.4
"24110",0,0.00166666666666667,0.998333333333333,"H",1.13,8.5,17
"24210",0.0116666666666667,0.0633333333333333,0.925,"H",1.91,3.4,4
"24310",0.00166666666666667,0,0.998333333333333,"D",1.53,3.6,6.5
"24410",0.511666666666667,0.00666666666666667,0.481666666666667,"H",2,3.2,3.75
"24510",0.951666666666667,0.0466666666666667,0.00166666666666667,"A",4.5,3.75,1.73
"24610",0.541666666666667,0.0133333333333333,0.445,"H",1.53,4,6
"24710",0.0466666666666667,0.143333333333333,0.81,"H",2.1,3.3,3.5
"24810",0.00333333333333333,0.0683333333333333,0.928333333333333,"H",2.1,3.25,3.5
"24910",0.00333333333333333,0,0.996666666666667,"H",2.1,3.25,3.5
"25010",0.308333333333333,0.0116666666666667,0.68,"A",2.3,3.3,3.1
"25110",0.0833333333333333,0.0116666666666667,0.905,"H",2.75,3.25,2.5
"25210",0.105,0.005,0.89,"D",2.05,3.3,3.6
"25310",0,0,1,"H",1.17,7,15
"25410",0.0816666666666667,0.0133333333333333,0.905,"A",2.1,3.3,3.5
"25510",0.0133333333333333,0.0233333333333333,0.963333333333333,"H",2.2,3.25,3.2
"25610",0.986666666666667,0.00333333333333333,0.01,"A",1.44,4.2,6
"25710",0.328333333333333,0.07,0.601666666666667,"H",1.28,5,10
"25810",0.005,0,0.995,"H",1.33,4.5,11
"25910",0.00166666666666667,0.693333333333333,0.305,"D",1.62,3.8,5.5
"26010",0.671666666666667,0.0133333333333333,0.315,"D",1.91,3.6,3.75
"26110",0.206666666666667,0.61,0.183333333333333,"A",2.4,3.2,3
"26210",0.668333333333333,0.158333333333333,0.173333333333333,"D",3,3.4,2.3
"26310",0.0266666666666667,0.781666666666667,0.191666666666667,"H",1.36,4.75,8.5
"26410",0.333333333333333,0.0783333333333333,0.588333333333333,"A",2.62,3.2,2.6
"26510",0.01,0.0333333333333333,0.956666666666667,"D",1.17,7.5,13
"26610",0.935,0.005,0.06,"A",7.5,4.5,1.4
"26710",0.155,0.375,0.47,"H",2,3.3,3.75
"26810",0.0333333333333333,0.718333333333333,0.248333333333333,"D",2.3,3.2,3.2
"26910",0.376666666666667,0.00833333333333333,0.615,"A",3.3,3.3,2.2
"27010",0.74,0.00333333333333333,0.256666666666667,"H",2.38,3.4,2.88
"27110",0.553333333333333,0.156666666666667,0.29,"D",2.6,3.2,2.75
"27210",0.00333333333333333,0.12,0.876666666666667,"D",1.85,3.4,4.33
"27310",0.00333333333333333,0.601666666666667,0.395,"D",2.1,3.25,3.5
"27410",0.388333333333333,0.456666666666667,0.155,"H",1.57,4,5.5
"27510",0.0266666666666667,0.0983333333333333,0.875,"D",1.91,3.4,4
"27610",0.58,0.41,0.01,"H",13,6.5,1.2
"27710",0.005,0.0216666666666667,0.973333333333333,"A",1.44,4.2,7.5
"27810",0.015,0.005,0.98,"H",1.1,8.5,26
"27910",0.978333333333333,0.02,0.00166666666666667,"A",13,6,1.22
"28010",0.0333333333333333,0.123333333333333,0.843333333333333,"D",1.4,4.5,8
"28110",0.696666666666667,0.0333333333333333,0.27,"A",1.5,4,6.5
"28210",0.628333333333333,0.143333333333333,0.228333333333333,"H",2.5,3.25,2.8
"28310",0.01,0.00166666666666667,0.988333333333333,"D",2.1,3.3,3.5
"28410",0.0183333333333333,0.00166666666666667,0.98,"H",1.73,3.6,4.75
"28510",0.201666666666667,0.00666666666666667,0.791666666666667,"D",2.2,3.25,3.25
"28610",0.015,0.0116666666666667,0.973333333333333,"H",1.06,11,29
"28710",0.98,0.00833333333333333,0.0116666666666667,"D",13,6,1.22
"28810",0.176666666666667,0.485,0.338333333333333,"D",2.5,3.3,2.75
"28910",0.0116666666666667,0.0233333333333333,0.965,"H",1.9,3.25,4
"29010",0.588333333333333,0.185,0.226666666666667,"D",3,3.4,2.3
"29110",0.0433333333333333,0.363333333333333,0.593333333333333,"D",1.8,3.5,4.5
"29210",0.615,0.0566666666666667,0.328333333333333,"H",1.62,3.75,5.5
"29310",0.99,0.005,0.005,"A",9.5,5.5,1.29
"29410",0.21,0.29,0.5,"H",2.62,3.2,2.6
"29510",0.0116666666666667,0,0.988333333333333,"H",1.91,3.4,4
"29610",0.758333333333333,0.0166666666666667,0.225,"A",3,3.2,2.38
"29710",0.0166666666666667,0,0.983333333333333,"A",2.4,3.3,2.88
"29810",0.00833333333333333,0.01,0.981666666666667,"H",1.07,11,26
"29910",0.303333333333333,0.00833333333333333,0.688333333333333,"D",2.25,3.25,3.25
"30010",0.05,0.615,0.335,"A",2.38,3.2,3
"30110",0.09,0.005,0.905,"A",2.2,3.2,3.25
"30210",0.635,0.00166666666666667,0.363333333333333,"H",2.8,3.2,2.5
"30310",0.385,0.025,0.59,"A",2.6,3.2,2.75
"30410",0.00166666666666667,0.00166666666666667,0.996666666666667,"H",1.44,4.2,7.5
"30510",0.0366666666666667,0.326666666666667,0.636666666666667,"D",2.05,3.25,3.75
"30610",0.91,0.0183333333333333,0.0716666666666667,"A",2.4,3.2,3
"30710",0.696666666666667,0.00166666666666667,0.301666666666667,"H",3.25,3.3,2.2
"30810",0.311666666666667,0.356666666666667,0.331666666666667,"H",2.1,3.4,3.4
"30910",0.336666666666667,0.325,0.338333333333333,"D",1.17,7.5,14
"31010",0.335,0.005,0.66,"A",3.2,3.25,2.25
"31110",0.951666666666667,0.005,0.0433333333333333,"A",13,6,1.22
"31210",0.00166666666666667,0,0.998333333333333,"D",1.36,4.5,9
"31310",0.00166666666666667,0.165,0.833333333333333,"H",2.1,3.3,3.5
"31410",0.00833333333333333,0.198333333333333,0.793333333333333,"H",2.5,3.25,2.8
"31510",0.513333333333333,0.00333333333333333,0.483333333333333,"A",2.4,3.2,2.87
"31610",0.0233333333333333,0.025,0.951666666666667,"H",1.06,11,29
"31710",0.00333333333333333,0.0116666666666667,0.985,"D",1.5,4.2,6.5
"31810",0.085,0.00833333333333333,0.906666666666667,"H",2.3,3.4,3
"31910",0.005,0.04,0.955,"H",1.57,3.75,6
"32010",0.478333333333333,0.173333333333333,0.348333333333333,"A",3.6,3.5,2
"32110",0.0116666666666667,0.0333333333333333,0.955,"A",1.67,3.75,5
"32210",0.196666666666667,0.36,0.443333333333333,"H",1.5,4,6.5
"32310",0.285,0.24,0.475,"D",1.8,3.5,4.5
"32410",0.0266666666666667,0.398333333333333,0.575,"H",1.22,6,13
"32510",0.581666666666667,0.411666666666667,0.00666666666666667,"A",6,4,1.53
"32610",0.00833333333333333,0.0216666666666667,0.97,"D",1.4,4.5,7.5
"32710",0.42,0.00333333333333333,0.576666666666667,"H",1.2,6,15
"32810",0.473333333333333,0.00666666666666667,0.52,"H",2,3.5,3.6
"32910",0.245,0.258333333333333,0.496666666666667,"H",2.3,3.25,3.1
"33010",0.0183333333333333,0.496666666666667,0.485,"H",1.83,3.25,4.5
"33110",0.888333333333333,0.00333333333333333,0.108333333333333,"H",2.7,3.4,2.5
"33210",0.44,0.0283333333333333,0.531666666666667,"A",6,4,1.53
"33310",0.0133333333333333,0.706666666666667,0.28,"H",2.3,3.4,3
"33410",0.33,0.606666666666667,0.0633333333333333,"H",2.3,3.25,3.1
"33510",0.005,0.688333333333333,0.306666666666667,"H",2.3,3.3,3.1
"33610",0.28,0.266666666666667,0.453333333333333,"A",2.3,3.3,3.1
"33710",0.51,0.476666666666667,0.0133333333333333,"A",10,5,1.3
"33810",0.00166666666666667,0.00166666666666667,0.996666666666667,"H",1.53,3.8,6.5
"33910",0.00333333333333333,0.778333333333333,0.218333333333333,"H",1.62,3.8,5.5
"34010",0.04,0.155,0.805,"D",1.91,3.5,4
"34110",0.948333333333333,0.0466666666666667,0.005,"A",11,6,1.25
"34210",0.00166666666666667,0.025,0.973333333333333,"H",1.3,5,11
"34310",0.63,0.0116666666666667,0.358333333333333,"A",8,4.5,1.4
"34410",0.015,0.01,0.975,"A",1.8,3.3,4.5
"34510",0.00166666666666667,0,0.998333333333333,"H",1.08,10,26
"34610",0.0266666666666667,0.718333333333333,0.255,"A",2.38,3.4,2.88
"34710",0.245,0.491666666666667,0.263333333333333,"A",2.05,3.2,3.8
"34810",0.23,0.255,0.515,"D",1.5,4,7
"34910",0.0233333333333333,0.741666666666667,0.235,"A",1.83,3.5,4.33
"35010",0.516666666666667,0.248333333333333,0.235,"A",1.53,4,6
"35110",0.015,0.508333333333333,0.476666666666667,"D",2.8,3.4,2.4
"35210",0.0166666666666667,0.0133333333333333,0.97,"H",1.17,8,12
"35310",0.0483333333333333,0.218333333333333,0.733333333333333,"D",1.91,3.4,4
"35410",0.715,0.005,0.28,"A",4.5,3.75,1.73
"35510",0.136666666666667,0.785,0.0783333333333333,"A",2.05,3.4,3.5
"35610",0.0683333333333333,0.0766666666666667,0.855,"D",1.33,4.5,9.5
"35710",0.273333333333333,0.0116666666666667,0.715,"H",2.1,3.4,3.4
"35810",0.0116666666666667,0.0666666666666667,0.921666666666667,"H",2.1,3.4,3.4
"35910",0.721666666666667,0.00666666666666667,0.271666666666667,"H",2.6,3.25,2.7
"36010",0.178333333333333,0.401666666666667,0.42,"D",2,3.5,3.6
"36110",0.00333333333333333,0.385,0.611666666666667,"H",1.44,4.33,7
"36210",0.0133333333333333,0.548333333333333,0.438333333333333,"A",2.63,3.3,2.63
"36310",0.138333333333333,0.0216666666666667,0.84,"H",1.25,6,10
"36410",0.231666666666667,0.623333333333333,0.145,"A",2.05,3.4,3.5
"36510",0.645,0.01,0.345,"H",2.37,3.2,2.9
"36610",0.52,0.185,0.295,"H",1.8,3.6,4.33
"36710",0.00666666666666667,0.176666666666667,0.816666666666667,"H",2.38,3.4,2.88
"36810",0.611666666666667,0.025,0.363333333333333,"H",5.5,4.1,1.57
"36910",0.236666666666667,0.755,0.00833333333333333,"A",13,6,1.22
"37010",0.0166666666666667,0.0666666666666667,0.916666666666667,"H",1.53,4.1,6
"37110",0.085,0.0233333333333333,0.891666666666667,"H",2,3.2,3.75
"37210",0.628333333333333,0.166666666666667,0.205,"D",1.75,3.5,4.75
"37310",0.13,0.511666666666667,0.358333333333333,"H",1.57,3.75,5.5
"37410",0.015,0,0.985,"D",1.83,3.5,4.33
"37510",0.0266666666666667,0.0366666666666667,0.936666666666667,"H",2,3.4,3.75
"37610",0.585,0.00833333333333333,0.406666666666667,"D",2.2,3.4,3.2
"37710",0.0833333333333333,0.46,0.456666666666667,"H",1.07,11,29
"37810",0.488333333333333,0.225,0.286666666666667,"A",3,3.2,2.4
"37910",0.453333333333333,0.00666666666666667,0.54,"H",2.25,3.3,3.2
"38010",0.005,0.0583333333333333,0.936666666666667,"H",1.66,3.4,5.5
"38110",0.0316666666666667,0.00833333333333333,0.96,"D",1.72,3.3,5
"38210",0.0116666666666667,0.471666666666667,0.516666666666667,"A",2.5,3.25,2.8
"38310",0.163333333333333,0.00333333333333333,0.833333333333333,"A",2.4,3.3,2.88
"38410",0.26,0.0116666666666667,0.728333333333333,"H",1.36,4.75,8
"38510",0.0283333333333333,0.0116666666666667,0.96,"D",1.67,3.8,5
"38610",0.786666666666667,0.015,0.198333333333333,"A",3.75,3.4,2
"38710",0.161666666666667,0.0983333333333333,0.74,"H",1.36,4.75,8
"38810",0.0566666666666667,0.00166666666666667,0.941666666666667,"D",2.3,3.3,3.1
"38910",0.0633333333333333,0.0233333333333333,0.913333333333333,"D",1.75,3.6,4.75
"39010",0.946666666666667,0.01,0.0433333333333333,"D",7.5,4.33,1.4
"39110",0.0316666666666667,0.0716666666666667,0.896666666666667,"H",1.44,4.2,7.5
"39210",0.116666666666667,0.746666666666667,0.136666666666667,"D",2.38,3.25,3
"39310",0.26,0.005,0.735,"H",2.5,3.4,2.7
"39410",0.765,0.015,0.22,"A",6.5,4.5,1.45
"39510",0.0383333333333333,0.0133333333333333,0.948333333333333,"D",2.1,3.25,3.6
"39610",0,0.0933333333333333,0.906666666666667,"H",1.13,9,17
"39710",0.768333333333333,0.01,0.221666666666667,"A",3.4,3.3,2.15
"39810",0.055,0.321666666666667,0.623333333333333,"H",1.4,4.5,8
"39910",0.02,0.00166666666666667,0.978333333333333,"A",1.91,3.5,4
"40010",0.0916666666666667,0.055,0.853333333333333,"H",1.95,3.5,3.75
"40110",0.316666666666667,0.181666666666667,0.501666666666667,"A",2,3.5,3.6
"40210",0.338333333333333,0,0.661666666666667,"D",3.6,3.5,2
"40310",0.626666666666667,0.005,0.368333333333333,"H",2.3,3.2,3.2
"40410",0.988333333333333,0.00833333333333333,0.00333333333333333,"A",7.5,4.75,1.4
"40510",0.371666666666667,0.025,0.603333333333333,"H",2.05,3.4,3.5
"40610",0.173333333333333,0.671666666666667,0.155,"D",2.2,3.5,3.1
"40710",0.733333333333333,0.0433333333333333,0.223333333333333,"A",2.63,3.5,2.5
"40810",0.125,0.0683333333333333,0.806666666666667,"H",2.25,3.4,3.1
"40910",0.13,0.005,0.865,"D",3,3.4,2.3
"41010",0.988333333333333,0.00666666666666667,0.005,"D",3.4,3.4,2.1
"41110",0,0.00166666666666667,0.998333333333333,"H",1.4,4.5,7.5
"41210",0.005,0.326666666666667,0.668333333333333,"H",1.2,7,12
"41310",0.715,0.0266666666666667,0.258333333333333,"D",1.75,3.5,4.75
"41410",0.0116666666666667,0.0333333333333333,0.955,"H",1.57,3.8,6
"41510",0.985,0.005,0.01,"D",6,4.33,1.5
"41610",0.761666666666667,0.0283333333333333,0.21,"A",3.6,3.3,2.05
"41710",0.196666666666667,0.42,0.383333333333333,"H",1.8,3.3,4.5
"41810",0.00166666666666667,0.02,0.978333333333333,"H",1.25,6,11
"41910",0.96,0.00333333333333333,0.0366666666666667,"H",3.3,3.5,2.1
"42010",0.331666666666667,0.0566666666666667,0.611666666666667,"D",2.1,3.25,3.4
"42110",0.0216666666666667,0.0316666666666667,0.946666666666667,"H",1.4,4,9
"42210",0.348333333333333,0.0466666666666667,0.605,"D",2.37,3.2,2.9
"42310",0.0616666666666667,0.0483333333333333,0.89,"D",1.9,3.25,4
"42410",0.148333333333333,0.00166666666666667,0.85,"D",2.37,3.2,2.9
"42510",0.00833333333333333,0.02,0.971666666666667,"H",1.53,3.6,7
"42610",0.178333333333333,0.18,0.641666666666667,"H",2,3.2,3.75
"42710",0.765,0.00166666666666667,0.233333333333333,"D",4,3.3,1.9
"42810",0.988333333333333,0.00833333333333333,0.00333333333333333,"A",2.8,3.1,2.25
"42910",0.285,0.0883333333333333,0.626666666666667,"H",2.1,3.25,3
"43010",0.0483333333333333,0.0683333333333333,0.883333333333333,"H",1.2,5.5,17
"43110",0.27,0.61,0.12,"A",2.1,3.2,3.5
"43210",0.408333333333333,0.561666666666667,0.03,"A",1.83,3.25,4.5
"43310",0.0883333333333333,0.00166666666666667,0.91,"A",2.87,3.2,2.4
"43410",0.02,0.0533333333333333,0.926666666666667,"D",2.25,3.1,3.2
"43510",0.191666666666667,0.0316666666666667,0.776666666666667,"H",2.3,3.1,3.1
"43610",0.453333333333333,0.00666666666666667,0.54,"H",1.72,3.4,5
"43710",0.305,0.278333333333333,0.416666666666667,"H",1.4,4.33,7.5
"43810",0.651666666666667,0.0733333333333333,0.275,"H",2.5,3.4,2.6
"43910",0.756666666666667,0.0233333333333333,0.22,"H",2.3,3.25,3
"44010",0.973333333333333,0.00833333333333333,0.0183333333333333,"A",8,4.5,1.4
"44110",0.00666666666666667,0.58,0.413333333333333,"A",1.44,4.2,7.5
"44210",0.095,0.0333333333333333,0.871666666666667,"A",5.75,3.7,1.61
"44310",0.0883333333333333,0.333333333333333,0.578333333333333,"H",2,3.3,3.75
"44410",0.00666666666666667,0.331666666666667,0.661666666666667,"A",2.25,3.25,3.2
"44510",0.00666666666666667,0.01,0.983333333333333,"H",2.3,3.3,3.1
"44610",0.526666666666667,0,0.473333333333333,"D",2.37,3.25,3
"44710",0.128333333333333,0.601666666666667,0.27,"D",2.4,3.25,2.9
"44810",0.83,0.00666666666666667,0.163333333333333,"D",3.75,3.3,2
"44910",0,0.0466666666666667,0.953333333333333,"H",1.75,3.4,5
"45010",0.0166666666666667,0.548333333333333,0.435,"H",1.16,7,15
"45110",0.005,0.211666666666667,0.783333333333333,"A",1.61,3.5,6.25
"45210",0.0216666666666667,0.428333333333333,0.55,"H",2.65,3.2,2.65
"45310",0.415,0.308333333333333,0.276666666666667,"H",3,3.2,2.4
"4546",0.466666666666667,0.0133333333333333,0.52,"D",1.95,3.3,4
"4551",0.03,0.00333333333333333,0.966666666666667,"H",2.6,3.2,2.62
"4561",0.0383333333333333,0.0483333333333333,0.913333333333333,"A",1.53,4,6
"4571",0.191666666666667,0.255,0.553333333333333,"D",2.3,3.3,3.1
"4581",0.62,0.00666666666666667,0.373333333333333,"A",2.5,3.3,2.75
"4591",0.0166666666666667,0.02,0.963333333333333,"D",2.05,3.3,3.6
"4601",0.158333333333333,0.338333333333333,0.503333333333333,"A",2.4,3.3,2.9
"4611",0.0316666666666667,0.276666666666667,0.691666666666667,"H",2,3.3,3.75
"4621",0.03,0.0583333333333333,0.911666666666667,"A",1.9,3.25,4
"4631",0.00333333333333333,0.00333333333333333,0.993333333333333,"H",1.28,5.25,11
"4641",0.0283333333333333,0.448333333333333,0.523333333333333,"D",1.9,3.25,4
"4651",0.0216666666666667,0.005,0.973333333333333,"H",1.5,4,7
"4661",0.136666666666667,0.255,0.608333333333333,"A",2.4,3.3,2.87
"4671",0,0.005,0.995,"H",1.22,5.5,15
"4681",0.523333333333333,0.01,0.466666666666667,"A",2.1,3.3,3.5
"4691",0.125,0.686666666666667,0.188333333333333,"D",3.25,3.3,2.2
"4701",0.223333333333333,0.00666666666666667,0.77,"A",3.25,3.3,2.2
"4711",0.618333333333333,0.00166666666666667,0.38,"D",2.37,3.25,3
"4721",0.886666666666667,0.0116666666666667,0.101666666666667,"D",2.8,3.25,2.5
"4731",0.055,0.115,0.83,"H",1.72,3.5,5
"4741",0.265,0.128333333333333,0.606666666666667,"H",1.72,3.5,5
"4751",0.00166666666666667,0.43,0.568333333333333,"A",2.5,3.3,2.75
"4761",0.183333333333333,0.578333333333333,0.238333333333333,"A",2.2,3.25,2.8
"4771",0.173333333333333,0.631666666666667,0.195,"H",2.6,3.25,2.65
"4781",0.01,0.005,0.985,"D",1.8,3.5,4.5
"4791",0.928333333333333,0.00666666666666667,0.065,"H",3.75,3.3,2
"4801",0.0216666666666667,0.623333333333333,0.355,"H",1.9,3.4,4
"4811",0.138333333333333,0.416666666666667,0.445,"D",2.2,3.25,2.8
"4821",0.0133333333333333,0.863333333333333,0.123333333333333,"H",2,3.4,3.75
"4831",0.0133333333333333,0.00833333333333333,0.978333333333333,"H",1.85,3.4,4.33
"4841",0.0433333333333333,0.00166666666666667,0.955,"D",2.37,3.3,2.9
"4851",0.125,0.025,0.85,"H",2.1,3.25,3
"4861",0.035,0.0133333333333333,0.951666666666667,"H",2.9,3.3,2.37
"4871",0.00166666666666667,0.601666666666667,0.396666666666667,"H",1.57,3.6,5
"4881",0.568333333333333,0.0116666666666667,0.42,"A",2.1,3.3,3.5
"4891",0.00333333333333333,0.00333333333333333,0.993333333333333,"H",1.22,6,12
"4901",0.648333333333333,0.186666666666667,0.165,"A",2.75,3.3,2.5
"4911",0.836666666666667,0.00666666666666667,0.156666666666667,"D",2.9,3.3,2.37
"4921",0.0883333333333333,0.0283333333333333,0.883333333333333,"H",1.53,3.8,6.5
"4931",0.435,0.0233333333333333,0.541666666666667,"H",2.25,3.2,3.1
"4941",0.116666666666667,0.00333333333333333,0.88,"H",1.85,3.4,4.33
"4951",0.0433333333333333,0.005,0.951666666666667,"A",2.7,3.25,2.6
"4961",0,0.0483333333333333,0.951666666666667,"H",1.57,3.75,6
"4971",0.00166666666666667,0.486666666666667,0.511666666666667,"A",2.1,3.3,3.5
"4981",0.0333333333333333,0.443333333333333,0.523333333333333,"H",2.4,3.6,2.7
"4991",0.0766666666666667,0.401666666666667,0.521666666666667,"D",2.1,3.1,3.8
"5001",0.01,0,0.99,"H",2.25,3.5,3
"5011",0.025,0.573333333333333,0.401666666666667,"A",2.6,3.2,2.62
"5021",0.346666666666667,0.00166666666666667,0.651666666666667,"H",2.37,3.2,2.9
"5031",0.3,0.0266666666666667,0.673333333333333,"A",2,3.2,3.75
"5041",0.16,0.143333333333333,0.696666666666667,"A",2.87,3.2,2.4
"5051",0.0366666666666667,0.39,0.573333333333333,"D",2.1,3.1,3.6
"5061",0.005,0.0116666666666667,0.983333333333333,"H",1.9,3.25,4
"5071",0.42,0.0866666666666667,0.493333333333333,"H",1.9,3.25,4
"5081",0.005,0.0116666666666667,0.983333333333333,"D",1.44,4,7.5
"5091",0.00166666666666667,0.755,0.243333333333333,"H",2.2,3.1,3.3
"5101",0.03,0.375,0.595,"H",1.72,3.4,5
"5111",0.00333333333333333,0.01,0.986666666666667,"H",1.36,4.5,8
"5121",0.513333333333333,0.01,0.476666666666667,"D",2.37,3.2,2.9
"5131",0.863333333333333,0.0383333333333333,0.0983333333333333,"D",7.5,4,1.44
"5141",0.00333333333333333,0.0116666666666667,0.985,"A",1.8,3.3,4.5
"5151",0.238333333333333,0.00666666666666667,0.755,"A",3.1,3.2,2.25
"5161",0.541666666666667,0.0133333333333333,0.445,"A",4,3.25,1.9
"5171",0.055,0.00666666666666667,0.938333333333333,"D",2.5,3.2,2.75
"5181",0.723333333333333,0.0733333333333333,0.203333333333333,"D",2.25,3.25,2.75
"5191",0.00333333333333333,0.218333333333333,0.778333333333333,"D",1.66,3.4,5.5
"5201",0,0.268333333333333,0.731666666666667,"A",2.6,3.2,2.62
"5211",0.451666666666667,0.161666666666667,0.386666666666667,"H",2.37,3.2,2.9
"5221",0.935,0.00333333333333333,0.0616666666666667,"D",5,3.4,1.72
"5231",0.433333333333333,0.00666666666666667,0.56,"A",2.25,3.2,3.1
"5241",0.726666666666667,0.00833333333333333,0.265,"A",2.75,3.2,2.5
"5251",0.0116666666666667,0.568333333333333,0.42,"A",2.3,3.1,3.1
"5261",0.00833333333333333,0.00166666666666667,0.99,"H",1.66,3.5,5
"5271",0.0133333333333333,0.391666666666667,0.595,"D",2.25,3.2,3.1
"5281",0.00666666666666667,0.136666666666667,0.856666666666667,"H",1.9,3.25,4
"5291",0.168333333333333,0.228333333333333,0.603333333333333,"H",1.12,7,21
"5301",0.025,0.0216666666666667,0.953333333333333,"H",2.1,3.2,3.5
"5311",0.03,0.411666666666667,0.558333333333333,"A",2.3,3.1,3.1
"5321",0.418333333333333,0.33,0.251666666666667,"D",5.5,3.6,1.61
"5331",0.00166666666666667,0.0583333333333333,0.94,"D",1.28,5,10
"5341",0.0266666666666667,0.406666666666667,0.566666666666667,"H",1.25,5,13
"5351",0.408333333333333,0.005,0.586666666666667,"H",2.87,3.2,2.4
"5361",0.943333333333333,0.00166666666666667,0.055,"H",2.75,3.2,2.5
"5371",0,0,1,"H",1.83,3.25,3.75
"5381",0.00666666666666667,0.00666666666666667,0.986666666666667,"D",1.53,3.8,6
"5391",0.1,0,0.9,"A",1.9,3.25,4
"5401",0.00166666666666667,0.095,0.903333333333333,"H",1.9,3.25,4
"5411",0.08,0.0116666666666667,0.908333333333333,"H",1.66,3.4,5.5
"5421",0.371666666666667,0.196666666666667,0.431666666666667,"D",1.4,4,6.5
"5431",0.448333333333333,0.00833333333333333,0.543333333333333,"D",2.6,3.3,2.37
"5441",0.753333333333333,0.0116666666666667,0.235,"D",4.75,3.75,1.57
"5451",0.00166666666666667,0.741666666666667,0.256666666666667,"D",1.83,3.25,4
"5461",0.555,0.301666666666667,0.143333333333333,"H",0,0,0
"5471",0.00166666666666667,0.701666666666667,0.296666666666667,"A",1.83,3.25,4.5
"5481",0.595,0.085,0.32,"D",5,3.1,1.8
"5491",0,0.00333333333333333,0.996666666666667,"H",0,0,0
"5501",0.531666666666667,0.31,0.158333333333333,"A",2.6,3.2,2.62
"5511",0.015,0.0233333333333333,0.961666666666667,"H",0,0,0
"5521",0.005,0.268333333333333,0.726666666666667,"D",1.72,3.4,5
"5531",0.00666666666666667,0.816666666666667,0.176666666666667,"H",1.83,3.3,4.33
"5541",0.475,0.00833333333333333,0.516666666666667,"H",1.4,4,9
"5551",0.83,0.0116666666666667,0.158333333333333,"H",0,0,0
"5561",0.151666666666667,0.608333333333333,0.24,"A",0,0,0
"5571",0.706666666666667,0.0533333333333333,0.24,"H",0,0,0
"5581",0.326666666666667,0.473333333333333,0.2,"A",4.5,3.4,1.667
"5591",0.226666666666667,0.148333333333333,0.625,"H",0,0,0
"5601",0.115,0.005,0.88,"A",1.727,3.25,4.333
"5611",0.753333333333333,0.005,0.241666666666667,"A",0,0,0
"5621",0.601666666666667,0.0266666666666667,0.371666666666667,"D",2.7,3.25,2.37
"5631",0.005,0.0966666666666667,0.898333333333333,"H",1.5,3.5,8
"5641",0.886666666666667,0.0716666666666667,0.0416666666666667,"H",3.5,3.25,1.909
"5651",0.0316666666666667,0.335,0.633333333333333,"D",1.8,3.4,4.5
"5661",0.00166666666666667,0.0116666666666667,0.986666666666667,"D",0,0,0
"5671",0.566666666666667,0.0183333333333333,0.415,"D",2.25,3.25,2.75
"5681",0.85,0.0133333333333333,0.136666666666667,"A",3.1,3.1,2.3
"5691",0,0.005,0.995,"A",1.667,3.4,4.5
"5701",0.498333333333333,0.015,0.486666666666667,"H",2.1,3.25,3.2
"5711",0.00166666666666667,0.0266666666666667,0.971666666666667,"A",1.61,3.4,5.5
"5721",0.57,0.293333333333333,0.136666666666667,"A",0,0,0
"5731",0.00666666666666667,0.273333333333333,0.72,"A",1.8,3.4,4
"5741",0.00666666666666667,0.00333333333333333,0.99,"A",2.3,3.25,3
"5751",0,0,1,"D",1.364,4,7.5
"5761",0.03,0.0116666666666667,0.958333333333333,"H",2,3.2,3.75
"5771",0.133333333333333,0.456666666666667,0.41,"D",0,0,0
"5781",0.88,0.01,0.11,"D",3.5,3.25,1.909
"5791",0,0.00333333333333333,0.996666666666667,"H",1.444,3.6,7
"5801",0.378333333333333,0.00166666666666667,0.62,"H",0,0,0
"5811",0.496666666666667,0.48,0.0233333333333333,"H",3.75,3.25,1.833
"5821",0.0116666666666667,0.693333333333333,0.295,"H",1.727,3.25,4.333
"5831",0.045,0.12,0.835,"A",0,0,0
"5841",0.0266666666666667,0.0333333333333333,0.94,"A",1.909,3.25,3.5
"5851",0.00166666666666667,0.0183333333333333,0.98,"H",1.66,3.4,5
"5861",0.741666666666667,0.025,0.233333333333333,"D",2.3,3.4,2.7
"5871",0.00666666666666667,0,0.993333333333333,"H",1.33,4.5,9.5
"5881",0.005,0,0.995,"H",1.4,3.75,7.5
"5891",0,0.0133333333333333,0.986666666666667,"H",0,0,0
"5901",0.806666666666667,0.00333333333333333,0.19,"H",2.7,3.2,2.3
"5911",0.00166666666666667,0.133333333333333,0.865,"H",1.22,5.5,13
"5921",0.02,0.00333333333333333,0.976666666666667,"H",0,0,0
"5931",0.0183333333333333,0.138333333333333,0.843333333333333,"A",2.3,3.2,2.7
"5941",0.158333333333333,0.33,0.511666666666667,"H",1.909,3.25,3.5
"5951",0.0116666666666667,0.005,0.983333333333333,"H",0,0,0
"5961",0.295,0.541666666666667,0.163333333333333,"A",2.375,3.2,2.625
"5971",0.0166666666666667,0.736666666666667,0.246666666666667,"H",0,0,0
"5981",0.786666666666667,0.015,0.198333333333333,"D",2.87,3.2,2.4
"5991",0.00666666666666667,0.00333333333333333,0.99,"D",1.615,3.4,5
"6001",0.0133333333333333,0.00833333333333333,0.978333333333333,"H",1.727,3.4,5
"6011",0.18,0.22,0.6,"D",0,0,0
"6021",0,0.00333333333333333,0.996666666666667,"H",1.444,3.6,7
"6031",0,0.0116666666666667,0.988333333333333,"H",1.167,6.5,15
"6041",0.696666666666667,0.0816666666666667,0.221666666666667,"H",2.25,3.25,3.1
"6051",0,0,1,"H",0,0,0
"6061",0.0433333333333333,0.0616666666666667,0.895,"A",2.2,3.2,3.25
"6071",0.838333333333333,0.015,0.146666666666667,"D",2.625,3.2,2.375
"6081",0.145,0.43,0.425,"D",2.3,3.25,3
"6091",0.153333333333333,0.48,0.366666666666667,"D",3.25,3.4,2.1
"6101",0.0216666666666667,0.173333333333333,0.805,"H",1.25,5.5,10
"6111",0.245,0.56,0.195,"D",3,3.1,2.2
"6121",0.0783333333333333,0.0133333333333333,0.908333333333333,"H",1.9,3.1,4.33
"6131",0.0183333333333333,0.431666666666667,0.55,"H",2.2,3.25,3.2
"6141",0.00166666666666667,0.01,0.988333333333333,"D",0,0,0
"6151",0.22,0.211666666666667,0.568333333333333,"D",1.909,3.25,3.5
"6161",0.00666666666666667,0.02,0.973333333333333,"D",2.6,3.25,2.6
"6171",0.491666666666667,0.441666666666667,0.0666666666666667,"A",5,3.6,1.66
"6181",0.00166666666666667,0.396666666666667,0.601666666666667,"A",1.61,3.6,5.5
"6191",0.0116666666666667,0.16,0.828333333333333,"D",1.833,3.25,3.75
"6201",0.0333333333333333,0.0133333333333333,0.953333333333333,"H",1.66,3.4,5.5
"6211",0.396666666666667,0.538333333333333,0.065,"A",4.75,3.5,1.72
"6221",0.635,0.01,0.355,"D",5.5,3.4,1.66
"6231",0.34,0.471666666666667,0.188333333333333,"A",2.75,3.2,2.5
"6241",0.005,0.0416666666666667,0.953333333333333,"H",1.61,3.4,6
"6251",0.0166666666666667,0.678333333333333,0.305,"A",2.5,3.2,2.75
"6261",0.02,0.878333333333333,0.101666666666667,"D",2.5,3.2,2.75
"6271",0.135,0.0566666666666667,0.808333333333333,"D",1.667,3.4,4.5
"6281",0.16,0.681666666666667,0.158333333333333,"H",2.2,3.25,3.2
"6291",0.00833333333333333,0.103333333333333,0.888333333333333,"H",1.33,4.5,9.5
"6301",0,0.376666666666667,0.623333333333333,"A",2.1,3.25,3.4
"6311",0.0166666666666667,0.0533333333333333,0.93,"H",1.83,3.3,4.33
"6321",0.358333333333333,0.198333333333333,0.443333333333333,"H",2.6,3.2,2.62
"6331",0.123333333333333,0.193333333333333,0.683333333333333,"H",1.61,3.4,6
"6341",0,0.28,0.72,"D",1.72,3.3,4.5
"6351",0.498333333333333,0.0116666666666667,0.49,"A",5.5,3.5,1.533
"6361",0,0,1,"D",1.83,3.25,4.5
"6371",0.48,0.015,0.505,"A",2,3.2,3.75
"6381",0.0583333333333333,0.0366666666666667,0.905,"H",3.5,3.2,2.1
"6391",0.108333333333333,0.116666666666667,0.775,"D",1.61,3.4,6
"6401",0.818333333333333,0.015,0.166666666666667,"D",9,4.33,1.36
"6411",0.39,0.0766666666666667,0.533333333333333,"H",1.22,5.5,13
"6421",0.0883333333333333,0.741666666666667,0.17,"H",2.3,3.1,3.1
"6431",0.00666666666666667,0.246666666666667,0.746666666666667,"H",1.61,3.4,6
"6441",0.35,0.528333333333333,0.121666666666667,"H",1.9,3.1,4.33
"6451",0.435,0.095,0.47,"A",2.3,3.25,3
"6461",0.0366666666666667,0.168333333333333,0.795,"H",2.4,3.25,2.62
"6471",0.141666666666667,0.04,0.818333333333333,"A",0,0,0
"6481",0.03,0.316666666666667,0.653333333333333,"A",2.5,3.2,2.75
"6491",0.0283333333333333,0.171666666666667,0.8,"H",1.36,4.33,9
"6501",0.368333333333333,0.598333333333333,0.0333333333333333,"A",9,4.33,1.36
"6511",0.02,0.01,0.97,"A",2.75,3.2,2.5
"6521",0.0766666666666667,0.0883333333333333,0.835,"H",2.5,3.2,2.75
"6531",0.005,0.361666666666667,0.633333333333333,"H",2.3,3.25,3
"6541",0,0.00166666666666667,0.998333333333333,"H",1.2,5.5,17
"6551",0.00666666666666667,0.523333333333333,0.47,"H",1.57,3.6,6
"6561",0.145,0.685,0.17,"H",2.8,3.25,2.4
"6571",0.015,0.405,0.58,"H",2.3,3.25,3
"6581",0.435,0.266666666666667,0.298333333333333,"H",2.5,3.25,2.7
"6591",0.00666666666666667,0.171666666666667,0.821666666666667,"H",2.1,3.2,3.5
"6601",0.213333333333333,0.65,0.136666666666667,"D",2.37,3.2,2.9
"6611",0.0116666666666667,0.168333333333333,0.82,"H",2.4,3.2,2.87
"6621",0.38,0.575,0.045,"A",5,3.4,1.72
"6631",0.255,0.265,0.48,"H",3.4,3.25,2.1
"6641",0.0216666666666667,0.418333333333333,0.56,"H",2.2,3.25,3.2
"6651",0,0,1,"H",1.14,7,17
"6661",0.0616666666666667,0.00666666666666667,0.931666666666667,"H",2.3,3.25,3
"6671",0.0916666666666667,0.0166666666666667,0.891666666666667,"A",2,3.2,3.75
"6681",0.111666666666667,0.481666666666667,0.406666666666667,"A",2.2,3.2,3.25
"6691",0.0766666666666667,0.461666666666667,0.461666666666667,"A",1.72,3.4,5
"6701",0.015,0.00166666666666667,0.983333333333333,"H",1.909,3.25,3.5
"6711",0.0616666666666667,0.0283333333333333,0.91,"D",1.72,3.3,5
"6721",0.0666666666666667,0.0233333333333333,0.91,"H",2.3,3.1,3.1
"6731",0.0533333333333333,0.0916666666666667,0.855,"A",2.75,3.2,2.5
"6741",0.0483333333333333,0.636666666666667,0.315,"D",1.8,3.25,4
"6751",0.005,0.556666666666667,0.438333333333333,"H",2.2,3.2,3.25
"6761",0.00166666666666667,0.00333333333333333,0.995,"H",1.3,4.5,12
"6771",0.201666666666667,0.665,0.133333333333333,"H",0,0,0
"6781",0.03,0.716666666666667,0.253333333333333,"H",1.615,3.4,5
"6791",0.706666666666667,0.00333333333333333,0.29,"H",2.87,3.25,2.37
"6801",0.00833333333333333,0.138333333333333,0.853333333333333,"H",1.8,3.2,4.75
"6811",0.01,0.655,0.335,"D",1.5,4,6
"6821",0.133333333333333,0.448333333333333,0.418333333333333,"H",2.25,3.2,3.1
"6831",0.00666666666666667,0.015,0.978333333333333,"D",1.28,4.5,9
"6841",0,0.00666666666666667,0.993333333333333,"H",1.9,3.25,4
"6851",0.00333333333333333,0.0183333333333333,0.978333333333333,"H",1.5,3.75,7
"6861",0.035,0.00833333333333333,0.956666666666667,"H",3.1,3.25,2.25
"6871",0.383333333333333,0.0166666666666667,0.6,"A",1.8,3.25,4
"6881",0.00666666666666667,0.0483333333333333,0.945,"D",2.1,3.25,3.4
"6891",0.005,0.416666666666667,0.578333333333333,"H",1.8,3.3,4.5
"6901",0.0183333333333333,0.0216666666666667,0.96,"H",1.53,3.8,6
"6911",0.06,0.178333333333333,0.761666666666667,"A",2.4,3.25,2.8
"6921",0.0216666666666667,0.0116666666666667,0.966666666666667,"A",3.2,3.25,2.2
"6931",0.00166666666666667,0.0366666666666667,0.961666666666667,"H",1.9,3.3,4
"6941",0.466666666666667,0.498333333333333,0.035,"A",8.5,4.1,1.4
"6951",0.871666666666667,0.00166666666666667,0.126666666666667,"A",0,0,0
"6961",0.0133333333333333,0.0783333333333333,0.908333333333333,"H",1.66,3.4,5.5
"6971",0.345,0.0183333333333333,0.636666666666667,"H",2.8,3.25,2.4
"6981",0.268333333333333,0.148333333333333,0.583333333333333,"H",2.2,3.2,3.2
"6991",0.00666666666666667,0.0816666666666667,0.911666666666667,"H",1.571,3.4,5.5
"7001",0.171666666666667,0.625,0.203333333333333,"D",1.4,3.75,7.5
"7011",0.643333333333333,0.353333333333333,0.00333333333333333,"A",6,4,1.5
"7021",0.01,0.0116666666666667,0.978333333333333,"H",1.57,3.6,6
"7031",0.0266666666666667,0.131666666666667,0.841666666666667,"A",2,3.2,3.75
"7041",0.0583333333333333,0.626666666666667,0.315,"H",1.28,5,10
"7051",0.0233333333333333,0.00666666666666667,0.97,"D",1.36,4.33,9
"7061",0.14,0.423333333333333,0.436666666666667,"A",1.9,3.3,4
"7071",0.728333333333333,0.03,0.241666666666667,"A",6,3.8,1.53
"7081",0.04,0.00833333333333333,0.951666666666667,"D",2.3,3.1,3.1
"7091",0,0.0116666666666667,0.988333333333333,"H",1.25,5.5,13
"7101",0.221666666666667,0.065,0.713333333333333,"H",1.44,4.2,7
"7111",0.126666666666667,0.863333333333333,0.01,"D",5,3.6,1.66
"7121",0,0.00833333333333333,0.991666666666667,"D",1.1,8,26
"7131",0.113333333333333,0.0116666666666667,0.875,"H",2.25,3.25,2.8
"7141",0.638333333333333,0.11,0.251666666666667,"A",2.62,3.2,2.6
"7151",0.128333333333333,0.841666666666667,0.03,"A",3.2,3.2,2.1
"7161",0.131666666666667,0.54,0.328333333333333,"D",1.66,3.4,5.5
"7171",0.00333333333333333,0.005,0.991666666666667,"H",1.8,3.3,4.5
"7181",0.436666666666667,0.54,0.0233333333333333,"D",2.7,3.2,2.3
"7191",0.448333333333333,0.165,0.386666666666667,"A",2.75,3.2,2.5
"7201",0.00333333333333333,0.005,0.991666666666667,"D",1.25,5.5,10
"7211",0.34,0.613333333333333,0.0466666666666667,"H",3,3.4,2.2
"7221",0.0516666666666667,0.0166666666666667,0.931666666666667,"A",0,0,0
"7231",0.26,0.575,0.165,"H",3.2,3.25,2.2
"7241",0.235,0.00666666666666667,0.758333333333333,"H",1.2,6,13
"7251",0.00166666666666667,0.591666666666667,0.406666666666667,"H",1.66,3.4,5.5
"7261",0.1,0.743333333333333,0.156666666666667,"D",0,0,0
"7271",0.125,0.0533333333333333,0.821666666666667,"D",2.2,3.1,3.4
"7281",0.00833333333333333,0.0333333333333333,0.958333333333333,"D",0,0,0
"7291",0,0,1,"H",1.2,6,13
"7301",0.175,0.015,0.81,"D",0,0,0
"7311",0,0.145,0.855,"D",1.3,5,8.5
"7321",0.01,0,0.99,"D",1.83,3.3,4.33
"7331",0.0183333333333333,0.0433333333333333,0.938333333333333,"H",1.3,4.33,13
"7341",0.06,0.00833333333333333,0.931666666666667,"H",1.16,6.5,15
"7351",0.00166666666666667,0.00166666666666667,0.996666666666667,"D",2.25,3.1,3.2
"7361",0.01,0.015,0.975,"H",1.33,4.5,9.5
"7371",0.49,0.111666666666667,0.398333333333333,"H",2.6,3.1,2.7
"7381",0.366666666666667,0.623333333333333,0.01,"A",6,3.8,1.53
"7391",0.03,0.131666666666667,0.838333333333333,"H",2.2,3.2,2.875
"7401",0.48,0.483333333333333,0.0366666666666667,"A",9,4,1.4
"7411",0.025,0.415,0.56,"H",1.53,3.6,6.5
"7421",0.005,0.005,0.99,"A",1.9,3.25,4
"7431",0.656666666666667,0.0316666666666667,0.311666666666667,"H",3,3.25,2.3
"7441",0.978333333333333,0.0133333333333333,0.00833333333333333,"H",5,3.4,1.72
"7451",0.0966666666666667,0.653333333333333,0.25,"H",0,0,0
"7461",0.00666666666666667,0.48,0.513333333333333,"H",1.12,7,23
"7471",0.996666666666667,0.00166666666666667,0.00166666666666667,"A",9,4.33,1.36
"7481",0.678333333333333,0.0183333333333333,0.303333333333333,"H",3.6,3.3,2
"7491",0.0633333333333333,0.21,0.726666666666667,"A",2.2,3.1,3.3
"7501",0.265,0.538333333333333,0.196666666666667,"H",2.3,3.1,3.1
"7511",0.171666666666667,0.641666666666667,0.186666666666667,"H",1.8,3.3,4.5
"7521",0.588333333333333,0.0116666666666667,0.4,"H",6,3.6,1.57
"7531",0.005,0.481666666666667,0.513333333333333,"H",1.33,4.5,9.5
"7541",0.861666666666667,0.00666666666666667,0.131666666666667,"A",3.75,3.2,2
"7551",0.0183333333333333,0.436666666666667,0.545,"A",2.87,3.2,2.4
"7561",0.0133333333333333,0.0533333333333333,0.933333333333333,"D",1.57,3.6,6
"7571",0.015,0.00666666666666667,0.978333333333333,"H",1.75,3.3,5
"7581",0.97,0.01,0.02,"A",0,0,0
"7591",0.00333333333333333,0.00833333333333333,0.988333333333333,"H",1.33,4.5,9.5
"7601",0.0916666666666667,0.203333333333333,0.705,"H",1.36,4.33,9
"7611",0.01,0.0233333333333333,0.966666666666667,"H",2.2,3.2,3.25
"7621",0.0266666666666667,0.0683333333333333,0.905,"D",2.2,3.2,3.25
"7631",0.0183333333333333,0.005,0.976666666666667,"A",2.1,3.25,3.4
"7641",0.421666666666667,0.556666666666667,0.0216666666666667,"H",6.5,4,1.44
"7651",0.0116666666666667,0.055,0.933333333333333,"H",2.25,3.2,3.1
"7661",0.0866666666666667,0.815,0.0983333333333333,"A",0,0,0
"7671",0.0333333333333333,0.0566666666666667,0.91,"A",2.2,3.25,3.2
"7681",0.07,0.0283333333333333,0.901666666666667,"H",1.2,6,13
"7691",0.44,0.015,0.545,"H",2.5,3.2,2.75
"7701",0.783333333333333,0.103333333333333,0.113333333333333,"A",7.5,4.33,1.4
"7711",0.331666666666667,0.338333333333333,0.33,"H",1.61,3.6,5.5
"7721",0.00333333333333333,0.0516666666666667,0.945,"A",2.3,3.25,3
"7731",0.343333333333333,0.223333333333333,0.433333333333333,"A",2.25,3.2,3.1
"7741",0.118333333333333,0.65,0.231666666666667,"H",2.6,3.2,2.62
"7751",0.193333333333333,0.266666666666667,0.54,"H",1.61,3.4,6
"7761",0.816666666666667,0.105,0.0783333333333333,"A",5.5,3.6,1.61
"7771",0.00166666666666667,0.143333333333333,0.855,"A",2.37,3.2,2.9
"7781",0.0483333333333333,0.01,0.941666666666667,"H",2.25,3.25,2.75
"7791",0.156666666666667,0.241666666666667,0.601666666666667,"D",2.6,3.2,2.62
"7801",0.143333333333333,0.131666666666667,0.725,"D",2,3.2,3.75
"7811",0,0.188333333333333,0.811666666666667,"A",2.25,3.2,3.1
"7821",0.00333333333333333,0.0883333333333333,0.908333333333333,"H",0,0,0
"7831",0.00166666666666667,0.0183333333333333,0.98,"H",2.1,3.2,3.5
"7841",0.01,0,0.99,"A",1.5,3.5,6
"7851",0,0,1,"D",1.222,5.5,13
"7861",0.975,0.0216666666666667,0.00333333333333333,"A",4.75,3.5,1.72
"7871",0.213333333333333,0.27,0.516666666666667,"D",0,0,0
"7881",0.005,0.00166666666666667,0.993333333333333,"A",2.3,3.25,3
"7891",0.12,0.235,0.645,"D",2,3.2,3.75
"7901",0.00833333333333333,0,0.991666666666667,"H",1.8,3.4,4.5
"7911",0.0666666666666667,0.258333333333333,0.675,"A",3.1,3.2,2.25
"7921",0.106666666666667,0.81,0.0833333333333333,"H",2.1,3.25,3.4
"7931",0.138333333333333,0.853333333333333,0.00833333333333333,"A",6,3.75,1.5
"7941",0.0266666666666667,0.211666666666667,0.761666666666667,"D",2,3.3,3.6
"7951",0.00166666666666667,0.01,0.988333333333333,"H",1.4,4,7
"7961",0.11,0.886666666666667,0.00333333333333333,"A",6.5,3.75,1.444
"7971",0.00166666666666667,0.0266666666666667,0.971666666666667,"H",1.33,4.5,9.5
"7981",0.38,0.00666666666666667,0.613333333333333,"D",2.1,3.2,3.4
"7991",0.015,0.12,0.865,"H",2.1,3.25,3.4
"8001",0.413333333333333,0.00333333333333333,0.583333333333333,"H",2.375,3.25,2.875
"8011",0.578333333333333,0.00333333333333333,0.418333333333333,"H",3.2,3.2,2.2
"8021",0,0.00333333333333333,0.996666666666667,"H",1.72,3.5,4.75
"8031",0,0,1,"H",1.14,7,17
"8041",0.32,0.63,0.05,"A",7,4.2,1.44
"8051",0.04,0.341666666666667,0.618333333333333,"D",2.25,3.2,3.1
"8061",0.085,0.883333333333333,0.0316666666666667,"D",5,3.6,1.667
"8071",0,0,1,"D",1.2,6,13
"8081",0.515,0.253333333333333,0.231666666666667,"A",2.7,3.25,2.5
"8091",0.005,0.658333333333333,0.336666666666667,"H",0,0,0
"8101",0.00333333333333333,0.005,0.991666666666667,"A",1.4,4.33,7.5
"8111",0.276666666666667,0.421666666666667,0.301666666666667,"D",3.2,3.25,2.2
"8121",0.965,0.0183333333333333,0.0166666666666667,"D",2.625,3.2,2.375
"8131",0.00333333333333333,0.015,0.981666666666667,"H",0,0,0
"8141",0.36,0.246666666666667,0.393333333333333,"A",4.5,3.5,1.8
"8151",0.22,0.685,0.095,"H",2.1,3.2,3.6
"8161",0.458333333333333,0.368333333333333,0.173333333333333,"D",2.8,3.25,2.5
"8171",0.005,0.015,0.98,"H",2.25,3.25,3.3
"8181",0,0.0933333333333333,0.906666666666667,"H",2.2,3.25,3.2
"8191",0.00333333333333333,0.613333333333333,0.383333333333333,"H",1.72,3.4,5.5
"8201",0.0266666666666667,0.00166666666666667,0.971666666666667,"H",1.83,3.6,4.33
"8211",0,0,1,"H",1.16,6.5,23
"8221",0.00666666666666667,0.00333333333333333,0.99,"H",0,0,0
"8231",0.005,0.298333333333333,0.696666666666667,"H",1.7,3.5,5.5
"8241",0.203333333333333,0.46,0.336666666666667,"A",3.6,3.3,2.1
"8251",0.015,0.596666666666667,0.388333333333333,"D",1.72,3.5,5.25
"8261",0.778333333333333,0.0216666666666667,0.2,"A",6,3.75,1.61
"8271",0.00833333333333333,0.005,0.986666666666667,"D",1.8,3.5,4.75
"8281",0.716666666666667,0.0116666666666667,0.271666666666667,"H",2.75,3.25,2.5
"8291",0.23,0.665,0.105,"D",2.7,3.3,2.62
"8301",0.618333333333333,0.105,0.276666666666667,"D",2.5,3.25,2.8
"8311",0.03,0.01,0.96,"H",1.4,4.33,9
"8321",0.005,0.00333333333333333,0.991666666666667,"H",1.66,3.5,5.75
"8331",0.0166666666666667,0.366666666666667,0.616666666666667,"H",1.44,4.2,8
"8341",0.795,0.0666666666666667,0.138333333333333,"D",0,0,0
"8351",0.668333333333333,0,0.331666666666667,"A",2.2,3.25,3.4
"8361",0.0233333333333333,0,0.976666666666667,"H",1.9,3.4,4.2
"8371",0.92,0.01,0.07,"D",6,3.75,1.61
"8381",0.00833333333333333,0.233333333333333,0.758333333333333,"H",1.57,3.75,6.5
"8391",0.00166666666666667,0.86,0.138333333333333,"H",1.11,8.5,26
"8401",0.908333333333333,0.035,0.0566666666666667,"H",7,3.8,1.53
"8411",0.00666666666666667,0.223333333333333,0.77,"A",1.8,3.4,4.5
"8421",0.533333333333333,0.015,0.451666666666667,"H",3.25,3.25,2.3
"8431",0.833333333333333,0.0216666666666667,0.145,"A",2.62,3.1,2.87
"8441",0.0116666666666667,0.37,0.618333333333333,"H",0,0,0
"8451",0.63,0.0133333333333333,0.356666666666667,"H",2.5,3.2,2.75
"8461",0.005,0.00166666666666667,0.993333333333333,"H",1.9,3.3,4.33
"8471",0.045,0.01,0.945,"A",3.25,3.3,2.25
"8481",0.136666666666667,0.0783333333333333,0.785,"D",3.6,3.3,2.1
"8491",0.146666666666667,0.715,0.138333333333333,"H",2.37,3.3,3
"8501",0.0333333333333333,0.858333333333333,0.108333333333333,"H",1.444,4,7.5
"8511",0.00833333333333333,0.568333333333333,0.423333333333333,"H",1.57,4,6
"8521",0,0,1,"D",1.2,6,17
"8531",0.00166666666666667,0,0.998333333333333,"H",1.2,6,13
"8541",0.445,0.145,0.41,"D",5,3.6,1.72
"8551",0.0283333333333333,0.00166666666666667,0.97,"H",1.44,4.2,8
"8561",0.0516666666666667,0.291666666666667,0.656666666666667,"H",1.9,3.3,4.33
"8571",0.025,0.75,0.225,"D",2.37,3.25,3.1
"8581",0.0316666666666667,0.371666666666667,0.596666666666667,"D",1.61,3.5,6.5
"8591",0.171666666666667,0.626666666666667,0.201666666666667,"H",2.5,3.25,2.7
"8601",0.228333333333333,0.76,0.0116666666666667,"D",5.25,3.5,1.72
"8611",0.0116666666666667,0.153333333333333,0.835,"A",2.15,3.25,3.5
"8621",0.55,0.448333333333333,0.00166666666666667,"D",4.5,3.5,1.83
"8631",0.00833333333333333,0.0116666666666667,0.98,"H",1.833,3.3,4.333
"8641",0.0233333333333333,0.0383333333333333,0.938333333333333,"A",2.7,3.25,2.62
"8651",0.361666666666667,0.633333333333333,0.005,"D",2.25,3.25,2.75
"8661",0.0166666666666667,0,0.983333333333333,"H",1.4,4.2,9.5
"8671",0.985,0.01,0.005,"A",7,4,1.5
"8681",0.00166666666666667,0.005,0.993333333333333,"H",1.61,3.75,6
"8691",0.208333333333333,0.261666666666667,0.53,"H",0,0,0
"8701",0.181666666666667,0.0416666666666667,0.776666666666667,"H",3.75,3.5,2
"8711",0.00333333333333333,0.195,0.801666666666667,"D",3.25,3.3,2.25
"8721",0.0333333333333333,0.61,0.356666666666667,"A",2.2,3.25,3.2
"8731",0,0.00166666666666667,0.998333333333333,"H",1.25,5,13
"8741",0.00166666666666667,0,0.998333333333333,"D",1.61,3.75,6
"8751",0,0,1,"D",1.25,5.5,13
"8761",0.14,0.768333333333333,0.0916666666666667,"D",2.37,3.3,3
"8771",0,0.195,0.805,"D",1.72,3.6,5
"8781",0.216666666666667,0.74,0.0433333333333333,"H",2,3.3,4
"8791",0.916666666666667,0.00833333333333333,0.075,"A",5,3.6,1.72
"8801",0.0166666666666667,0.02,0.963333333333333,"H",1.3,5,12
"8811",0.61,0.01,0.38,"A",1.66,3.6,5.5
"8821",0.99,0.00666666666666667,0.00333333333333333,"A",5,3.6,1.72
"8831",0.0316666666666667,0.0433333333333333,0.925,"H",1.25,5.5,13
"8841",0.00833333333333333,0.005,0.986666666666667,"A",1.8,3.4,4.5
"8851",0.326666666666667,0.28,0.393333333333333,"D",2.2,3.3,3.4
"8861",0.235,0.526666666666667,0.238333333333333,"H",1.83,3.5,4.5
"8871",0.128333333333333,0.741666666666667,0.13,"H",0,0,0
"8881",0.916666666666667,0.005,0.0783333333333333,"D",2.75,3.25,2.6
"8891",0.015,0.171666666666667,0.813333333333333,"H",2.3,3.1,3.4
"8901",0.225,0.636666666666667,0.138333333333333,"H",1.909,3.25,4
"8911",0.315,0.493333333333333,0.191666666666667,"H",2,3.5,3.75
"8921",0.136666666666667,0.761666666666667,0.101666666666667,"A",2.2,3.4,3.25
"8931",0.553333333333333,0.418333333333333,0.0283333333333333,"A",6,4.2,1.53
"8941",0.00666666666666667,0.745,0.248333333333333,"H",0,0,0
"8951",0.00166666666666667,0.00333333333333333,0.995,"H",1.444,3.75,6.5
"8961",0.136666666666667,0.833333333333333,0.03,"A",4.5,3.4,1.66
"8971",0.02,0.201666666666667,0.778333333333333,"H",2.1,3.25,3.4
"8981",0.296666666666667,0.34,0.363333333333333,"H",2.75,3.2,2.5
"8991",0.00333333333333333,0.418333333333333,0.578333333333333,"A",1.8,3.4,5
"9001",0.17,0.02,0.81,"A",6,3.75,1.62
"9011",0.00166666666666667,0.0166666666666667,0.981666666666667,"H",2.1,3.2,3.5
"9021",0.00666666666666667,0.06,0.933333333333333,"A",1.83,3.4,4.75
"9031",0.00166666666666667,0.02,0.978333333333333,"H",1.36,4.5,10
"9041",0,0.401666666666667,0.598333333333333,"D",2.25,3.25,3.3
"9051",0.986666666666667,0.00666666666666667,0.00666666666666667,"A",6,3.7,1.62
"9061",0.015,0.575,0.41,"H",2.62,3.25,2.75
"9071",0,0,1,"D",1.25,5.5,11
"9081",0.133333333333333,0.7,0.166666666666667,"A",2.2,3.3,3.4
"9091",0.00666666666666667,0.538333333333333,0.455,"H",2.05,3.3,4
"9101",0.00833333333333333,0.186666666666667,0.805,"A",2.3,3.2,2.7
"9111",0.0666666666666667,0.015,0.918333333333333,"A",2.6,3.3,2.75
"9121",0.0166666666666667,0,0.983333333333333,"H",1.2,6,19
"9131",0.546666666666667,0.275,0.178333333333333,"H",1.909,3.1,4.333
"9141",0.02,0.0116666666666667,0.968333333333333,"D",2,3.3,4
"9151",0,0,1,"A",1.91,3.4,4.2
"9161",0.226666666666667,0.55,0.223333333333333,"H",3,3.3,2.38
"9171",0.005,0.00666666666666667,0.988333333333333,"H",0,0,0
"9181",0.923333333333333,0.00666666666666667,0.07,"H",7.5,4,1.44
"9191",0.223333333333333,0.211666666666667,0.565,"D",1.8,3.4,5
"9201",0.0416666666666667,0.816666666666667,0.141666666666667,"H",2.3,3.25,3
"9211",0.83,0.01,0.16,"A",6,3.75,1.62
"9221",0.00666666666666667,0,0.993333333333333,"D",1.2,6,19
"9231",0.538333333333333,0.111666666666667,0.35,"A",1.91,3.4,4.33
"9241",0.03,0.0266666666666667,0.943333333333333,"H",0,0,0
"9251",0.0133333333333333,0.025,0.961666666666667,"D",1.57,3.8,6.5
"9261",0.085,0.183333333333333,0.731666666666667,"D",2.4,3.4,2.88
"9271",0.00166666666666667,0.00333333333333333,0.995,"H",1.286,4.5,9
"9281",0.00833333333333333,0.278333333333333,0.713333333333333,"D",2.6,3.2,2.8
"9291",0.00666666666666667,0.0133333333333333,0.98,"A",0,0,0
"9301",0.0433333333333333,0.015,0.941666666666667,"A",2.1,3.25,3.4
"9311",0.00333333333333333,0.00833333333333333,0.988333333333333,"A",2.05,3.2,3.4
"9321",0.0183333333333333,0.125,0.856666666666667,"H",2.2,3.25,3.4
"9331",0.0116666666666667,0.00833333333333333,0.98,"H",2.2,3.25,3.5
"9341",0.005,0.00333333333333333,0.991666666666667,"H",1.14,7.5,21
"9351",0.768333333333333,0.12,0.111666666666667,"A",12,5,1.3
"9361",0.00666666666666667,0.01,0.983333333333333,"H",1.4,4.5,10
"9371",0,0.0133333333333333,0.986666666666667,"H",0,0,0
"9381",0.125,0.148333333333333,0.726666666666667,"H",1.667,3.4,4.5
"9391",0.0166666666666667,0.116666666666667,0.866666666666667,"H",1.8,3.6,5
"9401",0.00333333333333333,0.00166666666666667,0.995,"H",1.2,6.5,19
"9411",0.00833333333333333,0.00833333333333333,0.983333333333333,"H",1.36,4.33,11
"9421",0.336666666666667,0.0616666666666667,0.601666666666667,"H",2.2,3.2,3.5
"9431",0.00333333333333333,0.00333333333333333,0.993333333333333,"H",1.571,3.4,5.5
"9441",0.89,0.0833333333333333,0.0266666666666667,"A",3.25,3.25,2.25
"9451",0.00333333333333333,0.275,0.721666666666667,"H",2.1,3.3,3.6
"9461",0.0266666666666667,0.0333333333333333,0.94,"D",1.62,3.75,6
"9471",0.00333333333333333,0.821666666666667,0.175,"H",0,0,0
"9481",0.00166666666666667,0.005,0.993333333333333,"D",1.83,3.3,4.33
"9491",0.6,0.0366666666666667,0.363333333333333,"H",2.5,3.1,3.1
"9501",0.0833333333333333,0.381666666666667,0.535,"H",1.83,3.5,4.5
"9511",0.423333333333333,0.23,0.346666666666667,"D",3,3.3,2.4
"9521",0,0.02,0.98,"H",1.25,5.5,13
"9531",0.0266666666666667,0.0366666666666667,0.936666666666667,"H",1.9,3.3,4
"9541",0.00166666666666667,0.00666666666666667,0.991666666666667,"D",2.5,3.25,2.87
"9551",0.04,0.89,0.07,"H",1.727,3.25,4.333
"9561",0.0883333333333333,0.781666666666667,0.13,"D",2.1,3.2,3.5
"9571",0.03,0.74,0.23,"H",2.5,3.25,2.87
"9581",0.261666666666667,0.0833333333333333,0.655,"H",1.533,3.5,5.5
"9591",0.00833333333333333,0.566666666666667,0.425,"H",1.83,3.5,4.5
"9601",0.02,0.005,0.975,"H",1.44,4.33,8
"9611",0.00666666666666667,0.0233333333333333,0.97,"H",1.4,4.5,9
"9621",0.0566666666666667,0.125,0.818333333333333,"D",2.4,3.3,3
"9631",0.00333333333333333,0.196666666666667,0.8,"H",1.66,3.6,5.5
"9641",0,0.00166666666666667,0.998333333333333,"H",1.53,3.75,7.5
"9651",0.361666666666667,0.33,0.308333333333333,"H",2.62,3.25,2.75
"9661",0.01,0.511666666666667,0.478333333333333,"A",2.2,3.25,3.4
"9671",0.005,0.428333333333333,0.566666666666667,"H",2.1,3.2,3.75
"9681",0.02,0.0233333333333333,0.956666666666667,"H",0,0,0
"9691",0.398333333333333,0.335,0.266666666666667,"H",1.25,5.5,15
"9701",0.543333333333333,0.0216666666666667,0.435,"D",2.5,3.25,2.88
"9711",0.0633333333333333,0.913333333333333,0.0233333333333333,"A",5.25,3.5,1.73
"9721",0.291666666666667,0.00666666666666667,0.701666666666667,"D",2.37,3.25,2.87
"9731",0.0266666666666667,0.233333333333333,0.74,"H",0,0,0
"9741",0.738333333333333,0.0266666666666667,0.235,"D",3.1,3.3,2.37
"9751",0.0366666666666667,0.355,0.608333333333333,"H",1.75,3.5,5
"9761",0.0133333333333333,0.00333333333333333,0.983333333333333,"H",2.5,3.3,2.87
"9771",0.07,0.0416666666666667,0.888333333333333,"H",1.9,3.4,4.2
"9781",0.005,0.0116666666666667,0.983333333333333,"H",1.53,3.8,7
"9791",0.00333333333333333,0.00166666666666667,0.995,"H",2,3.3,4
"9801",0.571666666666667,0.42,0.00833333333333333,"A",7,5,1.4
"9811",0.00166666666666667,0.0283333333333333,0.97,"H",2.1,3.2,3.75
"9821",0.00166666666666667,0.00833333333333333,0.99,"H",2.3,3.4,3.1
"9831",0.0316666666666667,0.0966666666666667,0.871666666666667,"H",2.25,3.4,3.2
"9841",0.0233333333333333,0.0266666666666667,0.95,"D",0,0,0
"9851",0.841666666666667,0.045,0.113333333333333,"A",2.625,3.2,2.375
"9861",0.981666666666667,0.0133333333333333,0.005,"A",0,0,0
"9871",0.155,0.655,0.19,"H",3.1,3.25,2.38
"9881",0.185,0.0616666666666667,0.753333333333333,"A",6.5,4,1.53
"9891",0.015,0.19,0.795,"H",1.14,7.5,23
"9901",0.153333333333333,0.606666666666667,0.24,"A",4.2,3.4,1.91
"9911",0.196666666666667,0.786666666666667,0.0166666666666667,"H",2.8,3.25,2.2
"9921",0.2,0.43,0.37,"A",8.5,4.5,1.4
"9931",0.981666666666667,0.00666666666666667,0.0116666666666667,"H",10,5,1.33
"9941",0.0383333333333333,0.573333333333333,0.388333333333333,"H",2.3,3.25,3.2
"9951",0.00166666666666667,0.303333333333333,0.695,"D",1.2,6.5,15
"9961",0.508333333333333,0.34,0.151666666666667,"A",2,3.4,3.8
"9971",0.015,0.321666666666667,0.663333333333333,"D",2.2,3.25,3.4
"9981",0.628333333333333,0.01,0.361666666666667,"D",2.75,3.25,2.63
"9991",0.0133333333333333,0.00666666666666667,0.98,"H",1.2,5.5,13
"10001",0.055,0.146666666666667,0.798333333333333,"H",1.73,3.6,5
"10011",0.00166666666666667,0.505,0.493333333333333,"H",1.67,3.6,5.5
"10021",0.246666666666667,0.631666666666667,0.121666666666667,"H",2.63,3.25,2.75
"10031",0.798333333333333,0.0283333333333333,0.173333333333333,"D",7,4.2,1.5
"10041",0.691666666666667,0.0133333333333333,0.295,"H",1.57,4,6
"10051",0.00166666666666667,0.0283333333333333,0.97,"H",1.333,5,8
"10061",0.573333333333333,0.0183333333333333,0.408333333333333,"H",2.75,3.3,2.63
"10071",0.488333333333333,0.495,0.0166666666666667,"A",9,4.75,1.36
"10081",0.00333333333333333,0.01,0.986666666666667,"D",1.36,4.5,10
"10091",0.268333333333333,0.653333333333333,0.0783333333333333,"H",0,0,0
"10101",0,0,1,"H",1.17,7,19
"10111",0.123333333333333,0.44,0.436666666666667,"D",2.88,3.25,2.5
"10121",0.343333333333333,0.0683333333333333,0.588333333333333,"H",1.3,4.5,8
"10131",0.06,0.326666666666667,0.613333333333333,"H",2.1,3.4,3.5
"10141",0.955,0.00666666666666667,0.0383333333333333,"A",0,0,0
"10151",0.03,0.885,0.085,"D",1.91,3.4,4.2
"10161",0.848333333333333,0.11,0.0416666666666667,"A",10,4.5,1.36
"10171",0.438333333333333,0.00333333333333333,0.558333333333333,"H",1.8,3.6,4.5
"10181",0.523333333333333,0.02,0.456666666666667,"D",2.1,3.25,3.5
"10191",0.01,0.0383333333333333,0.951666666666667,"H",2.1,3.3,3.6
"10201",0.00833333333333333,0.146666666666667,0.845,"H",1.17,7,19
"10211",0.39,0.00833333333333333,0.601666666666667,"H",1.33,4.75,11
"10221",0.00833333333333333,0.0683333333333333,0.923333333333333,"D",1.444,4,7.5
"10231",0.22,0.00166666666666667,0.778333333333333,"H",2.2,3.2,3.25
"10241",0.241666666666667,0.04,0.718333333333333,"D",2.3,3.25,3.2
"10251",0.00333333333333333,0.005,0.991666666666667,"H",1.36,4.5,10
"10261",0.515,0.00833333333333333,0.476666666666667,"A",4.5,3.6,1.8
"10271",0.00833333333333333,0.131666666666667,0.86,"D",1.4,4.5,8.5
"10281",0.423333333333333,0.00333333333333333,0.573333333333333,"H",2.88,3.25,2.5
"10291",0.005,0.0116666666666667,0.983333333333333,"D",1.25,6,11
"10301",0.165,0.81,0.025,"H",1.95,3.4,4
"10311",0.0916666666666667,0.131666666666667,0.776666666666667,"H",1.67,3.6,5.5
"10321",0.0966666666666667,0.123333333333333,0.78,"D",2.25,3.25,3.25
"10331",0.00333333333333333,0.005,0.991666666666667,"H",1.44,4.33,7.5
"10341",0.235,0.495,0.27,"D",2.1,3.3,3.6
"10351",0.0166666666666667,0,0.983333333333333,"H",1.67,3.5,6
"10361",0.491666666666667,0.145,0.363333333333333,"H",1.727,3.2,4.333
"10371",0.205,0.723333333333333,0.0716666666666667,"H",4.5,3.6,1.727
"10381",0.975,0.0133333333333333,0.0116666666666667,"D",4.2,3.5,1.91
"10391",0.00666666666666667,0.253333333333333,0.74,"H",1.83,3.5,4.5
"10401",0.21,0.0816666666666667,0.708333333333333,"D",0,0,0
"10411",0.986666666666667,0.00833333333333333,0.005,"A",12,5,1.3
"10421",0.00833333333333333,0.506666666666667,0.485,"H",1.72,3.4,5
"10431",0.01,0,0.99,"H",2.1,3.25,3.75
"10441",0.898333333333333,0.00833333333333333,0.0933333333333333,"A",5,3.6,1.73
"10451",0.283333333333333,0.005,0.711666666666667,"H",1.36,4.75,9
"10461",0.193333333333333,0.798333333333333,0.00833333333333333,"A",10,5,1.33
"10471",0.00166666666666667,0,0.998333333333333,"H",1.36,4.5,10
"10481",0.035,0.161666666666667,0.803333333333333,"D",1.83,3.3,4.33
"10491",0.00666666666666667,0.005,0.988333333333333,"H",1.25,5.5,13
"10501",0,0,1,"H",1.25,5.75,13
"10511",0.005,0.0266666666666667,0.968333333333333,"D",1.4,4.33,9
"10521",0.481666666666667,0.476666666666667,0.0416666666666667,"A",3.6,3.3,2.1
"10531",0.01,0.0683333333333333,0.921666666666667,"D",0,0,0
"10541",0.0716666666666667,0.0183333333333333,0.91,"H",2.25,3.3,3
"10551",0.03,0.185,0.785,"H",2,3.4,3.5
"10561",0,0.128333333333333,0.871666666666667,"A",1.8,3.6,4.5
"10571",0.99,0.00166666666666667,0.00833333333333333,"D",7,4.2,1.5
"10581",0.00166666666666667,0.0616666666666667,0.936666666666667,"A",2.1,3.3,3.6
"10591",0.055,0.055,0.89,"H",1.22,6,15
"10601",0.968333333333333,0.00833333333333333,0.0233333333333333,"A",5,3.8,1.7
"10611",0.23,0.401666666666667,0.368333333333333,"A",1.8,3.3,4.5
"10621",0.51,0.0366666666666667,0.453333333333333,"A",6,3.4,1.61
"10631",0.0133333333333333,0.743333333333333,0.243333333333333,"H",1.8,3.5,4.5
"10641",0.416666666666667,0.0216666666666667,0.561666666666667,"D",1.44,4.33,7.5
"10651",0.01,0.005,0.985,"H",0,0,0
"10661",0.015,0.351666666666667,0.633333333333333,"D",2.3,3.25,3.2
"10671",0,0.005,0.995,"H",1.14,8,19
"10681",0.75,0.0266666666666667,0.223333333333333,"H",3.25,3.3,2.25
"10691",0.005,0.0166666666666667,0.978333333333333,"D",1.57,3.8,6.5
"10701",0.005,0.0166666666666667,0.978333333333333,"D",1.73,3.6,5
"10711",0.226666666666667,0.355,0.418333333333333,"A",2.8,3.25,2.6
"10721",0.116666666666667,0.74,0.143333333333333,"H",1.5,4.2,7
"10731",0.22,0.188333333333333,0.591666666666667,"H",1.83,3.6,4.33
"10741",0.293333333333333,0.555,0.151666666666667,"H",1.83,3.6,4.33
"10751",0.863333333333333,0.055,0.0816666666666667,"A",5,3.6,1.66
"10761",0.381666666666667,0.381666666666667,0.236666666666667,"D",3.6,3.3,2.1
"10771",0.0166666666666667,0.00166666666666667,0.981666666666667,"H",1.29,5.5,10
"10781",0.918333333333333,0.0233333333333333,0.0583333333333333,"A",9.5,4.75,1.36
"10791",0.0183333333333333,0.0283333333333333,0.953333333333333,"A",2.1,3.3,3.6
"10801",0.0216666666666667,0.0766666666666667,0.901666666666667,"H",1.2,7,13
"10811",0.146666666666667,0.795,0.0583333333333333,"H",2.7,3.25,2.5
"10821",0.958333333333333,0.00333333333333333,0.0383333333333333,"H",7,4.2,1.5
"10831",0.0266666666666667,0.035,0.938333333333333,"H",2.1,3.25,3
"10841",0.0966666666666667,0.311666666666667,0.591666666666667,"H",2.2,3.25,2.8
"10851",0.00166666666666667,0.255,0.743333333333333,"D",1.4,4,6.5
"10861",0.178333333333333,0.02,0.801666666666667,"D",2.2,3.25,3.2
"10871",0.0116666666666667,0.861666666666667,0.126666666666667,"H",2.25,3.2,3.4
"10881",0.193333333333333,0.686666666666667,0.12,"D",5,3.5,1.75
"10891",0.175,0.666666666666667,0.158333333333333,"A",2,3.4,3
"10901",0.00833333333333333,0.49,0.501666666666667,"H",2.5,3.4,2.62
"10911",0.291666666666667,0.631666666666667,0.0766666666666667,"A",2.88,3.25,2.5
"10921",0.005,0.0433333333333333,0.951666666666667,"D",2.1,3.3,3.6
"10931",0.566666666666667,0.0133333333333333,0.42,"A",5.5,3.75,1.67
"10941",0.668333333333333,0.0183333333333333,0.313333333333333,"H",2.9,3.25,2.5
"10951",0.0233333333333333,0.01,0.966666666666667,"D",4.5,3.6,1.8
"10961",0.923333333333333,0.0366666666666667,0.04,"H",3.8,3.4,2
"10971",0.3,0.00833333333333333,0.691666666666667,"A",3.6,3.3,2.1
"10981",0.005,0.213333333333333,0.781666666666667,"D",1.53,4,6.5
"10991",0.721666666666667,0.0166666666666667,0.261666666666667,"D",2.3,3.25,3.2
"11001",0.243333333333333,0.641666666666667,0.115,"A",5.5,3.6,1.67
"11011",0.005,0.458333333333333,0.536666666666667,"D",1.91,3.4,4.2
"11021",0.005,0.388333333333333,0.606666666666667,"H",1.57,3.8,6.5
"11031",0.336666666666667,0.18,0.483333333333333,"A",3.4,3.3,2.2
"11041",0.00833333333333333,0.00166666666666667,0.99,"A",1.62,4,5.5
"11051",0.0216666666666667,0.00333333333333333,0.975,"D",1.286,4.5,9
"11061",0.02,0.005,0.975,"H",1.25,5.5,13
"11071",0.66,0.00333333333333333,0.336666666666667,"H",2.6,3.2,2.8
"11081",0.0283333333333333,0.00166666666666667,0.97,"A",1.333,4.333,7.5
"11091",0.0116666666666667,0.00333333333333333,0.985,"D",1.36,4.75,9
"11101",0.0116666666666667,0.491666666666667,0.496666666666667,"H",2.25,3.3,3.25
"11111",0.68,0.00666666666666667,0.313333333333333,"H",1.62,3.75,6
"11121",0.00666666666666667,0.02,0.973333333333333,"D",1.4,4.5,9
"11131",0.00333333333333333,0.296666666666667,0.7,"H",1.143,6.5,12
"11141",0.121666666666667,0.565,0.313333333333333,"D",2.25,3.2,3.1
"11151",0.0133333333333333,0.466666666666667,0.52,"H",1.9,3.5,3.75
"11161",0.281666666666667,0.658333333333333,0.06,"D",2.2,3.25,3.4
"11171",0,0.0866666666666667,0.913333333333333,"H",2,3.3,4
"11181",0.0133333333333333,0.00833333333333333,0.978333333333333,"D",1.8,3.6,4.5
"11191",0.00666666666666667,0.191666666666667,0.801666666666667,"H",2.1,3.25,3.4
"11201",0,0,1,"A",1.73,3.6,5
"11211",0.178333333333333,0.07,0.751666666666667,"A",3.25,3.25,2.25
"11221",0.325,0.501666666666667,0.173333333333333,"H",1.4,3.75,7.5
"11231",0.911666666666667,0.005,0.0833333333333333,"D",2.75,3.4,2.4
"11241",0.00333333333333333,0.00666666666666667,0.99,"H",1.44,4.2,8
"11251",0.103333333333333,0.0466666666666667,0.85,"A",1.83,3.5,4.5
"11261",0.0366666666666667,0.0516666666666667,0.911666666666667,"H",1.4,4.5,8.5
"11271",0.356666666666667,0.0283333333333333,0.615,"H",2,3.4,3.8
"11281",0,0.025,0.975,"D",1.25,5.5,13
"11291",0.00166666666666667,0.00333333333333333,0.995,"H",1.25,5.75,12
"11301",0.325,0.483333333333333,0.191666666666667,"A",1.3,4.5,8
"11311",0.02,0.843333333333333,0.136666666666667,"H",2.2,3.2,3.5
"11321",0.06,0.685,0.255,"A",5.5,3.6,1.67
"11331",0.203333333333333,0.035,0.761666666666667,"D",1.73,3.6,5
"11341",0.765,0.0566666666666667,0.178333333333333,"D",4.5,3.5,1.83
"11351",0.991666666666667,0.00333333333333333,0.005,"D",5,4,1.67
"11361",0.09,0.0216666666666667,0.888333333333333,"A",1.62,4,5.5
"11371",0.163333333333333,0.805,0.0316666666666667,"H",3.4,3.5,2
"11381",0.726666666666667,0.09,0.183333333333333,"D",5,3.6,1.73
"11391",0.191666666666667,0.141666666666667,0.666666666666667,"A",1.83,3.5,4.5
"11401",0.0133333333333333,0.146666666666667,0.84,"H",2.1,3.3,3.6
"11411",0.553333333333333,0.0116666666666667,0.435,"D",2.1,3.4,3.25
"11421",0.183333333333333,0.005,0.811666666666667,"D",3,3.5,2.2
"11431",0,0.00333333333333333,0.996666666666667,"H",1.73,3.6,5
"11441",0.528333333333333,0.298333333333333,0.173333333333333,"H",2.6,3.2,2.8
"11451",0.373333333333333,0.025,0.601666666666667,"D",1.73,3.6,5
"11461",0.976666666666667,0.0133333333333333,0.01,"D",5.5,3.6,1.67
"11471",0.06,0.00166666666666667,0.938333333333333,"D",1.8,3.6,4.5
"11481",0.193333333333333,0.456666666666667,0.35,"D",1.57,4,6
"11491",0.943333333333333,0.00333333333333333,0.0533333333333333,"A",3.6,3.3,2.1
"11501",0.37,0.395,0.235,"H",1.91,3.5,4
"11511",0.368333333333333,0.0416666666666667,0.59,"D",2.63,3.4,2.63
"11521",0.0266666666666667,0.598333333333333,0.375,"H",2.38,3.3,3
"11531",0.0233333333333333,0.00333333333333333,0.973333333333333,"A",1.83,3.5,4.5
"11541",0.0116666666666667,0.715,0.273333333333333,"H",1.91,3.4,4.2
"11551",0.0433333333333333,0.721666666666667,0.235,"H",2.38,3.25,3.1
"11561",0.391666666666667,0.5,0.108333333333333,"A",2.88,3.25,2.5
"11571",0.788333333333333,0.015,0.196666666666667,"D",3.75,3.6,1.95
"11581",0.105,0.0316666666666667,0.863333333333333,"H",1.6,4,5.5
"11591",0.238333333333333,0.668333333333333,0.0933333333333333,"D",3.2,3.25,2.2
"11601",0.106666666666667,0.431666666666667,0.461666666666667,"H",2.25,3.3,3
"11611",0.76,0.0583333333333333,0.181666666666667,"D",6.5,4,1.53
"11621",0.04,0.516666666666667,0.443333333333333,"D",2.25,3.4,3.2
"11631",0.961666666666667,0.00166666666666667,0.0366666666666667,"A",2.5,3.25,2.88
"11641",0.38,0.481666666666667,0.138333333333333,"H",2,3.3,4
"11651",0.00666666666666667,0.015,0.978333333333333,"H",1.36,4.5,10
"11661",0,0.191666666666667,0.808333333333333,"H",2.2,3.3,3.4
"11671",0.226666666666667,0.703333333333333,0.07,"H",2.2,3.2,3.5
"11681",0.338333333333333,0.0183333333333333,0.643333333333333,"D",3,3.3,2.4
"11691",0.00333333333333333,0.565,0.431666666666667,"A",2.2,3.2,3.5
"11701",0.498333333333333,0.0266666666666667,0.475,"D",1.29,5.5,11
"11711",0.458333333333333,0.478333333333333,0.0633333333333333,"A",4,3.5,1.91
"11721",0,0.00833333333333333,0.991666666666667,"H",1.4,4.5,8.5
"11731",0.0933333333333333,0.591666666666667,0.315,"A",7.5,4.33,1.44
"11741",0.00666666666666667,0.00666666666666667,0.986666666666667,"H",1.25,5.5,13
"11751",0.273333333333333,0.651666666666667,0.075,"H",1.57,3.75,6.5
"11761",0.666666666666667,0.0216666666666667,0.311666666666667,"A",5.5,3.6,1.67
"11771",0.0533333333333333,0.07,0.876666666666667,"A",1.83,3.5,4.5
"11781",0.0533333333333333,0.575,0.371666666666667,"D",2.3,3.25,3.2
"11791",0.935,0.00166666666666667,0.0633333333333333,"A",6.5,4.2,1.5
"11801",0.725,0.02,0.255,"A",1.83,3.5,4.5
"11811",0,0.00333333333333333,0.996666666666667,"H",1.57,4,6
"11821",0.00666666666666667,0.00166666666666667,0.991666666666667,"D",1.44,4.2,8
"11831",0.00166666666666667,0.0316666666666667,0.966666666666667,"H",1.3,5,12
"11841",0.396666666666667,0.495,0.108333333333333,"A",6,4,1.57
"11851",0.145,0.0283333333333333,0.826666666666667,"H",2.4,3.3,3
"11861",0.346666666666667,0.211666666666667,0.441666666666667,"H",1.53,4,6.5
"11871",0.38,0.00833333333333333,0.611666666666667,"H",1.33,5,10
"11881",0,0,1,"H",1.22,6,15
"11891",0.731666666666667,0.03,0.238333333333333,"H",1.62,3.75,6
"11901",0.726666666666667,0.0183333333333333,0.255,"D",9,4.75,1.36
"11911",0.266666666666667,0.585,0.148333333333333,"D",2,3.5,3.75
"11921",0.876666666666667,0.095,0.0283333333333333,"A",5,3.6,1.73
"11931",0,0.00833333333333333,0.991666666666667,"H",1.22,6,15
"11941",0.35,0.585,0.065,"A",2.5,3.3,2.88
"11951",0,0.005,0.995,"H",1.14,7.5,21
"11961",0.783333333333333,0.00666666666666667,0.21,"D",2,3.4,3.8
"11971",0,0.005,0.995,"A",1.29,5,13
"11981",0.00166666666666667,0,0.998333333333333,"D",1.67,3.6,5.5
"11991",0.948333333333333,0.0283333333333333,0.0233333333333333,"D",5.5,3.6,1.67
"12001",0.305,0.535,0.16,"A",6,4,1.57
"12011",0.765,0.055,0.18,"H",5,3.6,1.73
"12021",0.00166666666666667,0.00166666666666667,0.996666666666667,"D",1.25,5.5,13
"12031",0.371666666666667,0.583333333333333,0.045,"H",6,3.75,1.62
"12041",0.223333333333333,0.0533333333333333,0.723333333333333,"H",1.91,3.4,4.2
"12051",0.74,0.121666666666667,0.138333333333333,"A",2.8,3.4,2.5
"12061",0.581666666666667,0.0466666666666667,0.371666666666667,"H",1.91,3.6,4
"12071",0.09,0.806666666666667,0.103333333333333,"D",4,3.25,2
"12081",0.00166666666666667,0.878333333333333,0.12,"H",1.3,5.5,10
"12091",0.0316666666666667,0.218333333333333,0.75,"D",3.5,3.4,2.1
"12101",0.0866666666666667,0.778333333333333,0.135,"A",2.5,3.25,2.88
"12111",0.00333333333333333,0.0366666666666667,0.96,"D",1.57,4,6
"12121",0.566666666666667,0.0233333333333333,0.41,"H",0,0,0
"12131",0.0166666666666667,0.0366666666666667,0.946666666666667,"H",1.57,3.75,6.5
"12141",0.653333333333333,0.218333333333333,0.128333333333333,"H",1.29,5.5,11
"12151",0.19,0.403333333333333,0.406666666666667,"A",0,0,0
"12161",0.276666666666667,0.0366666666666667,0.686666666666667,"H",1.91,3.6,4
"12171",0.32,0.0733333333333333,0.606666666666667,"A",1.29,5.5,11
"12181",0.0216666666666667,0.00666666666666667,0.971666666666667,"H",1.73,3.75,4.75
"12191",0.00166666666666667,0.318333333333333,0.68,"A",2.2,3.25,3.4
"12201",0.478333333333333,0.316666666666667,0.205,"A",4.5,3.5,1.83
"12211",0.991666666666667,0.005,0.00333333333333333,"H",5.5,4.2,1.57
"12221",0.00666666666666667,0.383333333333333,0.61,"A",2.3,3.4,3.1
"12231",0.615,0.0383333333333333,0.346666666666667,"A",0,0,0
"12241",0.0216666666666667,0.01,0.968333333333333,"H",1.25,6,12
"12251",0.518333333333333,0.0666666666666667,0.415,"D",3.3,3.4,2.2
"12261",0.0483333333333333,0.295,0.656666666666667,"H",1.91,3.6,4
"12271",0.555,0.0233333333333333,0.421666666666667,"H",2.4,3.4,2.88
"12281",0.00166666666666667,0,0.998333333333333,"H",1.17,7.5,15
"12291",0.805,0.00666666666666667,0.188333333333333,"A",3.5,3.4,2.1
"12301",0.00166666666666667,0,0.998333333333333,"H",1.25,5.5,13
"12311",0.0116666666666667,0.01,0.978333333333333,"A",1.25,6,12
"12321",0.0466666666666667,0.616666666666667,0.336666666666667,"A",3.8,3.4,2
"12331",0,0.00333333333333333,0.996666666666667,"H",1.36,5,8
"12341",0.726666666666667,0.045,0.228333333333333,"D",2.75,3.25,2.6
"12351",0.065,0.856666666666667,0.0783333333333333,"A",4,3.6,1.91
"12361",0.136666666666667,0.0116666666666667,0.851666666666667,"D",2,3.5,3.75
"12371",0.0116666666666667,0.00166666666666667,0.986666666666667,"H",1.83,3.75,4.2
"12381",0,0.00666666666666667,0.993333333333333,"H",1.3,5.5,10
"12391",0.106666666666667,0.815,0.0783333333333333,"A",0,0,0
"12401",0.0766666666666667,0.101666666666667,0.821666666666667,"H",1.57,4,6
"12411",0.245,0.005,0.75,"A",0,0,0
"12421",0.246666666666667,0.233333333333333,0.52,"D",1.91,3.6,4
"12431",0.0583333333333333,0.415,0.526666666666667,"H",1.83,3.75,4.2
"12441",0.98,0.0133333333333333,0.00666666666666667,"D",4.2,3.4,1.91
"12451",0.176666666666667,0.753333333333333,0.07,"D",2.75,3.3,2.6
"12461",0.01,0.568333333333333,0.421666666666667,"H",2.1,3.4,3.5
"12471",0.0266666666666667,0.0283333333333333,0.945,"D",2.5,3.3,2.88
"12481",0.683333333333333,0.286666666666667,0.03,"D",2.75,3.4,2.5
"12491",0.106666666666667,0.0116666666666667,0.881666666666667,"D",2.75,3.4,2.5
"12501",0.678333333333333,0.118333333333333,0.203333333333333,"D",2.38,3.5,2.88
"12511",0.306666666666667,0.0233333333333333,0.67,"H",1.57,4,6
"12521",0.00166666666666667,0.205,0.793333333333333,"A",1.95,3.6,3.8
"12531",0.575,0.135,0.29,"H",1.91,3.75,3.8
"12541",0,0.00166666666666667,0.998333333333333,"H",1.2,6.5,15
"12551",0.00166666666666667,0,0.998333333333333,"D",2,3.4,3.8
"12561",0.806666666666667,0.00333333333333333,0.19,"D",4.75,3.75,1.73
"12571",0.0483333333333333,0.355,0.596666666666667,"A",0,0,0
"12581",0.00166666666666667,0.005,0.993333333333333,"A",2.1,3.25,3.75
"12591",0.0166666666666667,0.00166666666666667,0.981666666666667,"H",2.1,3.3,3.6
"12601",0.555,0.323333333333333,0.121666666666667,"A",4.75,3.5,1.8
"12611",0.00333333333333333,0.231666666666667,0.765,"A",1.8,3.6,4.5
"12621",0.971666666666667,0.015,0.0133333333333333,"A",2.2,3.5,3.2
"12631",0.00666666666666667,0.496666666666667,0.496666666666667,"D",0,0,0
"12641",0.00333333333333333,0.005,0.991666666666667,"H",2,3.5,3.75
"12651",0.138333333333333,0.765,0.0966666666666667,"A",5.5,3.75,1.67
"12661",0.545,0.0316666666666667,0.423333333333333,"H",2.1,3.4,3.5
"12671",0.045,0.383333333333333,0.571666666666667,"H",1.91,3.6,4
"12681",0.276666666666667,0.22,0.503333333333333,"A",2.88,3.25,2.5
"12691",0.618333333333333,0.361666666666667,0.02,"A",3.75,3.5,2
"12701",0.0133333333333333,0.00666666666666667,0.98,"D",1.85,3.6,4.2
"12711",0.401666666666667,0.0116666666666667,0.586666666666667,"A",2.4,3.25,3
"12721",0.328333333333333,0.0583333333333333,0.613333333333333,"A",6,4,1.57
"12731",0.0966666666666667,0.0883333333333333,0.815,"H",2.88,3.25,2.5
"12741",0.586666666666667,0.395,0.0183333333333333,"A",3.5,3.4,2.1
"12751",0.0116666666666667,0.256666666666667,0.731666666666667,"H",1.33,5,10
"12761",0.035,0.266666666666667,0.698333333333333,"H",2.1,3.4,3.5
"12771",0.08,0.83,0.09,"H",3,3.4,2.5
"12781",0.456666666666667,0.03,0.513333333333333,"A",2.63,3.5,2.8
"12791",0.178333333333333,0.686666666666667,0.135,"H",1.91,3.8,4.2
"12801",0.00166666666666667,0.00166666666666667,0.996666666666667,"D",1.25,6.5,15
"12811",0.0183333333333333,0.645,0.336666666666667,"A",1.75,4,5
"12821",0.0333333333333333,0.005,0.961666666666667,"D",2.1,3.5,3.75
"12831",0.00833333333333333,0.00166666666666667,0.99,"D",1.4,5,9
"12841",0.998333333333333,0.00166666666666667,0,"A",5.5,4.2,1.65
"12851",0.0266666666666667,0.0133333333333333,0.96,"D",2.2,3.5,3.5
"12861",0.463333333333333,0.17,0.366666666666667,"D",0,0,0
"12871",0.23,0.531666666666667,0.238333333333333,"A",3.6,3.4,2.2
"12881",0.746666666666667,0.108333333333333,0.145,"A",4.5,3.6,1.91
"12891",0.005,0.0233333333333333,0.971666666666667,"H",1.83,3.75,4.75
"12901",0.035,0.298333333333333,0.666666666666667,"A",2.63,3.4,2.88
"12911",0.05,0.431666666666667,0.518333333333333,"H",2.2,3.5,3.2
"12921",0.00166666666666667,0.516666666666667,0.481666666666667,"H",1.38,5,10
"12931",0.0183333333333333,0.163333333333333,0.818333333333333,"D",0,0,0
"12941",0.69,0.0133333333333333,0.296666666666667,"D",2.5,3.4,3
"12951",0.0366666666666667,0.203333333333333,0.76,"A",2.45,3.4,3.1
"12961",0.748333333333333,0.0366666666666667,0.215,"H",4.2,3.8,1.91
"12971",0.005,0.005,0.99,"H",1.57,3.9,7.5
"12981",0.156666666666667,0.838333333333333,0.005,"A",6,4,1.65
"12991",0.713333333333333,0.0166666666666667,0.27,"A",3.3,3.6,2.25
"13001",0.206666666666667,0.65,0.143333333333333,"H",2.1,3.5,3.8
"13011",0.106666666666667,0.798333333333333,0.095,"A",4.75,3.8,1.8
"13021",0.0816666666666667,0.12,0.798333333333333,"A",1.73,3.9,5.25
"13031",0.175,0.0133333333333333,0.811666666666667,"A",1.83,3.75,4.75
"13041",0.0133333333333333,0,0.986666666666667,"H",1.5,4.5,7.5
"13051",0.0133333333333333,0.0383333333333333,0.948333333333333,"H",1.4,5.5,8
"13061",0.00666666666666667,0.00666666666666667,0.986666666666667,"A",1.33,5.5,11
"13071",0.563333333333333,0.423333333333333,0.0133333333333333,"D",4.5,3.9,1.83
"13081",0.315,0.613333333333333,0.0716666666666667,"D",0,0,0
"13091",0.03,0.393333333333333,0.576666666666667,"H",0,0,0
"13101",0.00166666666666667,0.253333333333333,0.745,"A",1.3,5.75,12
"13111",0,0.23,0.77,"A",1.95,3.4,4.5
"13121",0.0116666666666667,0.783333333333333,0.205,"H",2.4,3.3,3.3
"13131",0.89,0.0166666666666667,0.0933333333333333,"H",1.67,4.2,5.5
"13141",0.321666666666667,0.613333333333333,0.065,"A",6,4,1.65
"13151",0.363333333333333,0.466666666666667,0.17,"D",1.57,4.33,6.5
"13161",0.828333333333333,0.0283333333333333,0.143333333333333,"D",4.5,3.9,1.83
"13171",0.0133333333333333,0.583333333333333,0.403333333333333,"D",2.3,3.3,3.5
"13181",0.00166666666666667,0.203333333333333,0.795,"D",2.2,3.4,3.6
"13191",0.278333333333333,0.551666666666667,0.17,"H",2.9,3.3,2.63
"13201",0.311666666666667,0.331666666666667,0.356666666666667,"H",2.3,3.5,3.3
"13211",0.441666666666667,0.00666666666666667,0.551666666666667,"A",6.5,4.2,1.57
"13221",0.871666666666667,0.0116666666666667,0.116666666666667,"D",3.3,3.3,2.4
"13231",0.573333333333333,0.0233333333333333,0.403333333333333,"D",3,3.4,2.5
"13241",0.0133333333333333,0.746666666666667,0.24,"H",2.15,3.3,3.9
"13251",0.181666666666667,0.525,0.293333333333333,"D",6,4,1.65
"13261",0.00166666666666667,0.0166666666666667,0.981666666666667,"H",1.18,8,19
"13271",0.77,0.0733333333333333,0.156666666666667,"A",9.5,5.25,1.36
"13281",0.1,0.00833333333333333,0.891666666666667,"H",2.3,3.25,3.5
"13291",0.0216666666666667,0.32,0.658333333333333,"D",2.05,3.5,4
"13301",0.00333333333333333,0.438333333333333,0.558333333333333,"D",1.95,3.5,4.5
"13311",0.458333333333333,0.133333333333333,0.408333333333333,"A",3.3,3.3,2.38
"13321",0.511666666666667,0.075,0.413333333333333,"H",1.75,4.2,4.6
"13331",0.336666666666667,0.163333333333333,0.5,"H",0,0,0
"13341",0.466666666666667,0.473333333333333,0.06,"A",6.5,4,1.62
"13351",0,0,1,"H",1.13,9.5,29
"13361",0.00333333333333333,0.015,0.981666666666667,"H",1.83,3.7,4.75
"13371",0.09,0.823333333333333,0.0866666666666667,"H",2.5,3.3,3.1
"13381",0.705,0.0233333333333333,0.271666666666667,"D",4,3.3,2.1
"13391",0.0133333333333333,0.0133333333333333,0.973333333333333,"A",0,0,0
"13401",0.481666666666667,0.145,0.373333333333333,"A",2.2,3.3,3.75
"13411",0.221666666666667,0.33,0.448333333333333,"D",3.2,3.3,2.45
"13421",0.015,0.005,0.98,"H",1.25,6.5,15
"13431",0.371666666666667,0.0433333333333333,0.585,"H",1.75,3.75,5.25
"13441",0.818333333333333,0.0666666666666667,0.115,"A",0,0,0
"13451",0.00166666666666667,0.74,0.258333333333333,"H",2.6,3.3,3
"13461",0.005,0.0166666666666667,0.978333333333333,"D",1.55,4,7.5
"13471",0,0.00833333333333333,0.991666666666667,"H",1.33,5.5,11
"13481",0.00666666666666667,0.151666666666667,0.841666666666667,"H",1.3,5.75,12
"13491",0.606666666666667,0.306666666666667,0.0866666666666667,"H",1.53,4.2,7.5
"13501",0.0233333333333333,0.00333333333333333,0.973333333333333,"H",0,0,0
"13511",0.183333333333333,0.0266666666666667,0.79,"A",2.45,3.2,3.3
"13521",0.121666666666667,0.0216666666666667,0.856666666666667,"H",2.1,3.4,3.9
"13531",0.05,0.313333333333333,0.636666666666667,"H",2.35,3.5,3.2
"13541",0.7,0.0116666666666667,0.288333333333333,"A",3.9,3.3,2.15
"13551",0.516666666666667,0,0.483333333333333,"D",0,0,0
"13561",0.145,0.00833333333333333,0.846666666666667,"H",2.9,3.4,2.6
"13571",0.985,0.00666666666666667,0.00833333333333333,"A",2.5,3.6,2.9
"13581",0.703333333333333,0.0233333333333333,0.273333333333333,"D",0,0,0
"13591",0.44,0.55,0.01,"A",5,3.75,1.8
"13601",0.956666666666667,0.005,0.0383333333333333,"A",9,5,1.4
"13611",0.0166666666666667,0.57,0.413333333333333,"H",2.15,3.3,3.9
"13621",0.185,0.385,0.43,"H",2.1,3.4,3.9
"13631",0,0,1,"H",1.36,5.25,9.5
"13641",0.0316666666666667,0.133333333333333,0.835,"H",1.29,6,12
"13651",0.0366666666666667,0.005,0.958333333333333,"H",2.5,3.3,3.1
"13661",0.005,0.0183333333333333,0.976666666666667,"A",1.36,5.75,8.5
"13671",0,0,1,"H",0,0,0
"13681",0.00666666666666667,0.055,0.938333333333333,"H",2.3,3.6,3.25
"13691",0.221666666666667,0.535,0.243333333333333,"A",2.5,3.4,3
"13701",0.53,0.456666666666667,0.0133333333333333,"A",5,4,1.75
"13711",0.958333333333333,0.0416666666666667,0,"D",9,5,1.4
"13721",0.996666666666667,0.00166666666666667,0.00166666666666667,"A",8,4.75,1.44
"13731",0.848333333333333,0.0216666666666667,0.13,"A",4,3.6,2
"13741",0.96,0.00166666666666667,0.0383333333333333,"D",0,0,0
"13751",0.0133333333333333,0.0633333333333333,0.923333333333333,"H",1.22,7,16
"13761",0.0216666666666667,0.9,0.0783333333333333,"H",2.63,3.4,2.88
"13771",0.223333333333333,0.01,0.766666666666667,"A",7.5,4.5,1.5
"13781",0.191666666666667,0.728333333333333,0.08,"H",2.55,3.25,3.1
"13791",0.00833333333333333,0.238333333333333,0.753333333333333,"H",1.45,4.75,8
"13801",0.235,0.00166666666666667,0.763333333333333,"A",0,0,0
"13811",0.235,0.5,0.265,"D",5,4,1.75
"13821",0.0116666666666667,0.00666666666666667,0.981666666666667,"H",1.65,4,6
"13831",0.00666666666666667,0.715,0.278333333333333,"H",1.95,3.7,4.2
"13841",0.368333333333333,0.45,0.181666666666667,"D",2.88,3.6,2.5
"13851",0.00333333333333333,0.00333333333333333,0.993333333333333,"H",1.3,6,11
"13861",0.00166666666666667,0.391666666666667,0.606666666666667,"D",1.75,3.75,5.5
"13871",0.286666666666667,0.005,0.708333333333333,"H",3.75,3.5,2.1
"13881",0,0.00166666666666667,0.998333333333333,"H",1.25,6.5,15
"13891",0.566666666666667,0.13,0.303333333333333,"H",1.85,3.8,4.5
"13901",0.065,0.00833333333333333,0.926666666666667,"A",3.6,3.4,2.2
"13911",0.195,0.366666666666667,0.438333333333333,"H",1.73,4,5
"13921",0.00833333333333333,0.59,0.401666666666667,"H",1.33,5.75,10
"13931",0.268333333333333,0.656666666666667,0.075,"A",7.5,4.5,1.5
"13941",0.025,0.233333333333333,0.741666666666667,"D",2.45,3.3,3.2
"13951",0.995,0,0.005,"H",7,4.33,1.53
"13961",0.0233333333333333,0.908333333333333,0.0683333333333333,"H",2.05,3.5,4
"13971",0.136666666666667,0.675,0.188333333333333,"H",1.44,4.75,8
"13981",0.231666666666667,0.74,0.0283333333333333,"H",2.15,3.4,3.8
"13991",0.318333333333333,0.0316666666666667,0.65,"H",1.45,4.5,8.5
"14001",0.995,0,0.005,"A",6.25,4,1.62
"14011",0.00333333333333333,0.241666666666667,0.755,"H",1.29,6,13
"14021",0.171666666666667,0.0633333333333333,0.765,"H",1.33,5.75,10
"14031",0.513333333333333,0,0.486666666666667,"A",3.8,3.6,2.05
"14041",0.02,0.688333333333333,0.291666666666667,"A",2.05,3.4,4.2
"14051",0.465,0.235,0.3,"H",1.91,3.6,4.5
"14061",0.035,0.753333333333333,0.211666666666667,"D",3.25,3.6,2.3
"14071",0.726666666666667,0.00166666666666667,0.271666666666667,"A",0,0,0
"14081",0.00333333333333333,0.015,0.981666666666667,"H",1.2,7.5,17
"14091",0.258333333333333,0.703333333333333,0.0383333333333333,"H",2.2,3.4,3.6
"14101",0.00333333333333333,0.543333333333333,0.453333333333333,"A",2.55,3.25,3.1
"14111",0.0983333333333333,0.085,0.816666666666667,"A",2.63,3.3,2.9
"14121",0.178333333333333,0.458333333333333,0.363333333333333,"A",3.3,3.3,2.38
"14131",0.00333333333333333,0.0166666666666667,0.98,"H",1.62,4.2,6
"14141",0.00333333333333333,0.00166666666666667,0.995,"H",0,0,0
"14151",0.185,0.0566666666666667,0.758333333333333,"D",1.85,3.6,4.75
"14161",0.613333333333333,0.00666666666666667,0.38,"A",2.8,3.3,2.75
"14171",0.871666666666667,0.0616666666666667,0.0666666666666667,"H",3.25,3.5,2.3
"14181",0.00166666666666667,0.0116666666666667,0.986666666666667,"H",1.29,6,12
"14191",0.536666666666667,0.015,0.448333333333333,"H",1.91,3.8,4.2
"14201",0.00166666666666667,0.00333333333333333,0.995,"D",1.73,3.9,5.25
"14211",0.0233333333333333,0.35,0.626666666666667,"D",2.7,3.2,2.9
"14221",0.01,0.005,0.985,"A",0,0,0
"14231",0.0583333333333333,0.326666666666667,0.615,"D",2.15,3.3,3.9
"14241",0.0266666666666667,0.005,0.968333333333333,"H",1.7,3.8,5.75
"14251",0.243333333333333,0.0116666666666667,0.745,"H",1.83,3.75,4.75
"14261",0.411666666666667,0.0166666666666667,0.571666666666667,"A",2.38,3.25,3.4
"14271",0.015,0.00166666666666667,0.983333333333333,"D",1.5,3.6,7.5
"14281",0.00333333333333333,0.00166666666666667,0.995,"H",1.3,5.5,8.5
"14291",0,0.0133333333333333,0.986666666666667,"H",1.4,4.5,7.5
"14301",0.15,0.393333333333333,0.456666666666667,"H",1.83,3.75,4.2
"14311",0.956666666666667,0.00833333333333333,0.035,"D",3.5,3.4,2.1
"14321",0.0883333333333333,0.751666666666667,0.16,"A",2.9,3.2,2.7
"14331",0.015,0.005,0.98,"D",2.5,3.3,3.1
"14341",0.13,0.571666666666667,0.298333333333333,"H",2.63,3.4,2.88
"14351",0.0233333333333333,0.01,0.966666666666667,"H",0,0,0
"14361",0.07,0.143333333333333,0.786666666666667,"A",2.45,3.25,3.25
"14371",0.953333333333333,0.00333333333333333,0.0433333333333333,"H",4.2,3.4,2.05
"14381",0.251666666666667,0.526666666666667,0.221666666666667,"H",2.25,3.5,3.4
"14391",0.005,0.0133333333333333,0.981666666666667,"A",1.8,3.75,5
"14401",0.05,0.0633333333333333,0.886666666666667,"H",3.1,3.5,2.4
"14411",0,0.276666666666667,0.723333333333333,"H",1.4,5.25,8.5
"14421",0.0116666666666667,0.148333333333333,0.84,"A",0,0,0
"14431",0.0633333333333333,0.285,0.651666666666667,"D",0,0,0
"14441",0.3,0.456666666666667,0.243333333333333,"D",0,0,0
"14451",0.005,0.445,0.55,"D",0,0,0
"14461",0.233333333333333,0.466666666666667,0.3,"A",2.87,3.25,2.37
"14471",0.226666666666667,0.531666666666667,0.241666666666667,"H",0,0,0
"14481",0,0,1,"H",1.2,5.5,10
"14491",0.025,0.636666666666667,0.338333333333333,"H",1.53,3.5,5.5
"14501",0.00666666666666667,0.02,0.973333333333333,"H",0,0,0
"14511",0.156666666666667,0.43,0.413333333333333,"H",0,0,0
"14521",0.146666666666667,0.676666666666667,0.176666666666667,"D",0,0,0
"14531",0.0333333333333333,0.35,0.616666666666667,"D",0,0,0
"14541",0.0533333333333333,0.488333333333333,0.458333333333333,"A",0,0,0
"14551",0.331666666666667,0.146666666666667,0.521666666666667,"D",0,0,0
"14561",0.00166666666666667,0.613333333333333,0.385,"H",2,3.2,3.75
"14571",0.603333333333333,0.126666666666667,0.27,"A",0,0,0
"14581",0.418333333333333,0.383333333333333,0.198333333333333,"A",0,0,0
"14591",0.176666666666667,0.446666666666667,0.376666666666667,"D",0,0,0
"14601",0.116666666666667,0.88,0.00333333333333333,"A",0,0,0
"14611",0.025,0.381666666666667,0.593333333333333,"D",2,3.25,3.25
"14621",0.02,0.108333333333333,0.871666666666667,"A",0,0,0
"14631",0,0.105,0.895,"D",0,0,0
"14641",0.928333333333333,0.0233333333333333,0.0483333333333333,"A",3.5,3.2,2.1
"14651",0.116666666666667,0.751666666666667,0.131666666666667,"D",0,0,0
"14661",0.151666666666667,0.35,0.498333333333333,"H",1.833,3.25,3.75
"14671",0,0.0783333333333333,0.921666666666667,"H",0,0,0
"14681",0.00166666666666667,0.0666666666666667,0.931666666666667,"H",0,0,0
"14691",0.07,0.855,0.075,"H",0,0,0
"14701",0.035,0.828333333333333,0.136666666666667,"H",0,0,0
"14711",0.0983333333333333,0.0433333333333333,0.858333333333333,"H",0,0,0
"14721",0,0.005,0.995,"H",0,0,0
"14731",0.41,0.586666666666667,0.00333333333333333,"A",0,0,0
"14741",0.0366666666666667,0,0.963333333333333,"H",0,0,0
"14751",0.735,0.015,0.25,"D",1.72,3.4,4.5
"14761",0.0216666666666667,0.00833333333333333,0.97,"A",0,0,0
"14771",0.821666666666667,0.00666666666666667,0.171666666666667,"A",0,0,0
"14781",0,0,1,"A",0,0,0
"14791",0.0116666666666667,0.155,0.833333333333333,"A",0,0,0
"14801",0.2,0.365,0.435,"H",0,0,0
"14811",0.0533333333333333,0.768333333333333,0.178333333333333,"A",0,0,0
"14821",0.995,0.00333333333333333,0.00166666666666667,"A",0,0,0
"14831",0.0166666666666667,0.446666666666667,0.536666666666667,"H",0,0,0
"14841",0.00666666666666667,0.0133333333333333,0.98,"H",0,0,0
"14851",0,0.0516666666666667,0.948333333333333,"D",0,0,0
"14861",0.00333333333333333,0.0416666666666667,0.955,"D",0,0,0
"14871",0.005,0.37,0.625,"A",1.571,3.4,5.5
"14881",0.991666666666667,0.00333333333333333,0.005,"A",0,0,0
"14891",0.025,0.00333333333333333,0.971666666666667,"D",0,0,0
"14901",0.0366666666666667,0.111666666666667,0.851666666666667,"A",0,0,0
"14911",0.576666666666667,0.423333333333333,0,"A",0,0,0
"14921",0.0333333333333333,0.491666666666667,0.475,"A",0,0,0
"14931",0.0333333333333333,0.315,0.651666666666667,"D",0,0,0
"14941",0.0483333333333333,0.838333333333333,0.113333333333333,"H",2.375,3,2.75
"14951",0.276666666666667,0.295,0.428333333333333,"H",3.25,3.5,2
"14961",0.791666666666667,0.01,0.198333333333333,"D",2.62,3.2,2.6
"14971",0.02,0.00666666666666667,0.973333333333333,"A",1.833,3.25,3.75
"14981",0.405,0.0416666666666667,0.553333333333333,"A",2.6,3.2,2.4
"14991",0.015,0.03,0.955,"H",1.3,5,9.5
"15001",0.528333333333333,0.183333333333333,0.288333333333333,"A",5,3.6,1.61
"15011",0.0366666666666667,0.79,0.173333333333333,"H",0,0,0
"15021",0.00333333333333333,0.24,0.756666666666667,"A",2.1,3.25,3
"15031",0.0116666666666667,0.085,0.903333333333333,"H",1.667,3.4,4.5
"15041",0.29,0.685,0.025,"H",5.5,3.2,1.72
"15051",0.381666666666667,0.0133333333333333,0.605,"D",2.75,3.2,2.5
"15061",0.0666666666666667,0.0566666666666667,0.876666666666667,"H",2.3,3.2,2.7
"15071",0.005,0.00833333333333333,0.986666666666667,"A",2.5,3.2,2.6
"15081",0,0.005,0.995,"H",1.28,5,10
"15091",0.0116666666666667,0.473333333333333,0.515,"H",0,0,0
"15101",0.123333333333333,0.77,0.106666666666667,"A",2.4,3.2,2.7
"15111",0.00166666666666667,0.795,0.203333333333333,"A",2,3.25,3.25
"15121",0.406666666666667,0.13,0.463333333333333,"A",1.727,3.25,4.333
"15131",0.005,0.00666666666666667,0.988333333333333,"A",1.8,3.25,4
